Nombre;N�mero de Vuelo;Origen;Destino;Hora de Salida;Hora de Llegada;Tipo Equipo;N�mero de Sillas;Lu;Ma;Mi;Ju;Vi;Sa;Do;Tipo Vuelo
AEROLINEA DE ANTIOQUIA S.A.;7900;MEDELLIN;ACANDI;8:10;9:15;JS32;19;;;;;;X;;Nacional
;;;;8:31;9:35;JS32;19;;X;;X;;;;Nacional
;7901;ACANDI;MEDELLIN;9:30;10:35;JS32;19;;;;;;X;;Nacional
;;;;9:50;10:55;JS32;19;;X;;X;;;;Nacional
;7902;MEDELLIN;CAREPA;6:02;6:47;JS32;19;X;X;X;X;X;X;;Nacional
;7903;CAREPA;MEDELLIN;7:00;7:45;JS32;19;X;X;X;X;X;X;;Nacional
;7906;MEDELLIN;CAREPA;13:10;13:55;JS32;19;;;;;X;;;Nacional
;;;;13:35;14:20;JS32;19;;;;;;;X;Nacional
;7907;CAREPA;MEDELLIN;14:10;14:55;JS32;19;;;;;X;;;Nacional
;;;;14:35;15:20;JS32;19;;;;;;;X;Nacional
;7908;MEDELLIN;CAREPA;13:51;14:35;JS32;19;X;X;X;X;X;X;;Nacional
;7909;CAREPA;MEDELLIN;14:50;15:35;JS32;19;X;X;X;X;X;X;;Nacional
;7910;MEDELLIN;ARMENIA;7:49;8:34;JS32;19;X;X;X;X;X;X;;Nacional
;7911;ARMENIA;MEDELLIN;8:50;9:35;JS32;19;X;X;X;X;X;X;;Nacional
;7912;MEDELLIN;ARMENIA;15:44;16:30;JS32;19;X;X;X;X;X;X;;Nacional
;;;;16:00;16:46;JS32;19;;;;;;;X;Nacional
;7913;ARMENIA;MEDELLIN;16:45;17:30;JS32;19;X;X;X;X;X;X;;Nacional
;;;;16:55;17:40;JS32;19;;;;;;;X;Nacional
;7914;MONTERIA;BARRANQUILLA;7:14;8:09;JS32;19;X;X;X;X;X;X;;Nacional
;;;;16:50;17:45;JS32;19;;;;;;;X;Nacional
;7915;BARRANQUILLA;MONTERIA;5:55;6:50;JS32;19;X;X;X;X;X;X;;Nacional
;;;;15:25;16:20;JS32;19;;;;;;;X;Nacional
;7916;MONTERIA;BARRANQUILLA;17:45;18:40;JS32;19;X;X;X;X;X;;;Nacional
;7917;BARRANQUILLA;MONTERIA;16:30;17:25;JS32;19;X;X;X;X;X;;;Nacional
;7918;COROZAL;BARRANQUILLA;9:55;10:35;JS32;19;X;X;X;X;X;X;;Nacional
;7919;BARRANQUILLA;COROZAL;11:00;11:40;JS32;19;X;X;X;X;X;X;;Nacional
;7920;MEDELLIN;BUCARAMANGA;6:04;6:59;JS32;19;X;X;X;X;X;;;Nacional
;;;;8:05;9:00;JS32;19;;;;;;X;;Nacional
;;;;13:59;14:54;JS32;19;;;;;;;X;Nacional
;7921;BUCARAMANGA;MEDELLIN;7:15;8:10;JS32;19;X;X;X;X;X;;;Nacional
;;;;9:15;10:10;JS32;19;;;;;;X;;Nacional
;;;;14:55;15:50;JS32;19;;;;;;;X;Nacional
;7922;MEDELLIN;BUCARAMANGA;15:16;16:10;JS32;19;X;X;X;X;X;;;Nacional
;7923;BUCARAMANGA;MEDELLIN;16:25;17:20;JS32;19;X;X;X;X;X;;;Nacional
;7924;MEDELLIN;BAHIA SOLANO;8:50;9:40;JS32;19;;;;;X;;;Nacional
;;;;10:01;11:51;JS32;19;;;;;;;X;Nacional
;;;;11:00;11:50;JS32;19;;X;;X;;X;;Nacional
;;;;12:40;13:30;JS32;19;X;;X;;;;;Nacional
;7925;BAHIA SOLANO;MEDELLIN;9:55;10:45;JS32;19;;;;;X;;;Nacional
;;;;12:25;13:15;JS32;19;;;;;;;X;Nacional
;;;;13:25;14:15;JS32;19;;X;;X;;X;;Nacional
;;;;13:40;14:30;JS32;19;X;;X;;;;;Nacional
;7926;QUIBDO;BAHIA SOLANO;10:50;11:15;JS32;19;X;X;X;X;X;;;Nacional
;;;;11:45;12:10;JS32;19;;;;;;;X;Nacional
;7927;BAHIA SOLANO;QUIBDO;11:05;11:30;JS32;19;;;;;;;X;Nacional
;;;;11:25;11:50;JS32;19;X;X;X;X;X;;;Nacional
;7928;QUIBDO;BAHIA SOLANO;12:45;13:10;JS32;19;;X;;X;;X;;Nacional
;7929;BAHIA SOLANO;QUIBDO;12:05;12:30;JS32;19;;X;;X;;X;;Nacional
;7930;MEDELLIN;CAUCASIA;5:59;6:49;DHC6;19;X;X;X;X;X;X;;Nacional
;;;;9:00;9:50;DHC6;19;;;;;;;X;Nacional
;7931;CAUCASIA;MEDELLIN;7:00;7:50;DHC6;19;X;X;X;X;X;X;;Nacional
;;;;10:00;10:50;DHC6;19;;;;;;;X;Nacional
;7934;MEDELLIN;CAUCASIA;12:05;12:55;DHC6;19;;;;;X;;;Nacional
;;;;13:25;14:15;DHC6;19;X;X;X;X;;X;;Nacional
;7935;CAUCASIA;MEDELLIN;13:10;14:00;DHC6;19;;;;;X;;;Nacional
;;;;14:25;15:15;DHC6;19;X;X;X;X;;X;X;Nacional
;7936;MEDELLIN;CAUCASIA;13:30;14:20;DHC6;19;;;;;X;;;Nacional
;7937;CAUCASIA;MEDELLIN;14:35;15:25;DHC6;19;;;;;X;;;Nacional
;7938;MEDELLIN;CAUCASIA;15:30;16:20;DHC6;19;X;X;X;X;;X;;Nacional
;7939;CAUCASIA;MEDELLIN;16:30;17:20;DHC6;19;X;X;X;X;;X;X;Nacional
;7940;MEDELLIN;CONDOTO;9:50;10:40;DHC6;19;;;;;X;;;Nacional
;;;;10:20;11:00;JS32;19;X;;X;;;;;Nacional
;;;;10:25;11:15;DHC6;19;;X;;X;;X;;Nacional
;7941;CONDOTO;MEDELLIN;10:55;11:45;DHC6;19;;;;;X;;;Nacional
;;;;11:10;11:50;JS32;19;X;;X;;;;;Nacional
;;;;11:30;12:20;DHC6;19;;X;;X;;X;;Nacional
;7942;MEDELLIN;CAPURGANA;10:00;11:20;DHC6;19;;X;;X;;X;;Nacional
;;;;10:10;11:30;DHC6;19;;;;;X;;;Nacional
;;;;10:24;11:44;DHC6;19;;;X;;;;;Nacional
;;;;12:30;13:50;DHC6;19;X;;;;;;;Nacional
;7943;CAPURGANA;MEDELLIN;11:45;13:05;DHC6;19;;;;;X;;;Nacional
;;;;11:55;13:15;DHC6;19;;X;X;X;;X;;Nacional
;;;;14:00;15:20;DHC6;19;X;;;;;;;Nacional
;7946;MONTERIA;CARTAGENA;7:10;7:50;JS32;19;X;X;X;X;X;X;;Nacional
;7947;CARTAGENA;MONTERIA;8:05;8:45;JS32;19;X;X;X;X;X;X;;Nacional
;7948;MONTERIA;CARTAGENA;14:35;15:15;JS32;19;X;X;X;X;X;X;;Nacional
;;;;14:40;15:20;JS32;19;;;;;;;X;Nacional
;7949;CARTAGENA;MONTERIA;15:31;16:10;JS32;19;X;X;X;X;X;X;;Nacional
;;;;15:35;16:15;JS32;19;;;;;;;X;Nacional
;7950;MEDELLIN;CUCUTA;10:23;11:39;JS32;19;X;X;X;X;X;X;;Nacional
;7951;CUCUTA;MEDELLIN;11:55;13:10;JS32;19;X;X;X;X;X;X;;Nacional
;;;;14:30;15:45;JS32;19;;;;;;;X;Nacional
;7952;MEDELLIN;COROZAL;8:30;9:35;JS32;19;X;X;X;X;X;X;;Nacional
;;;;10:40;11:45;JS32;19;;;;;;;X;Nacional
;7953;COROZAL;MEDELLIN;12:00;13:05;JS32;19;X;X;X;X;X;X;X;Nacional
;7954;MEDELLIN;EL BAGRE;7:50;8:35;DHC6;19;X;X;X;X;X;X;;Nacional
;;;;11:15;12:00;DHC6;19;;;;;;;X;Nacional
;7955;EL BAGRE;MEDELLIN;8:45;9:30;DHC6;19;X;X;X;X;X;X;;Nacional
;;;;12:15;13:00;DHC6;19;;;;;;;X;Nacional
;7956;MEDELLIN;EL BAGRE;10:25;11:10;DHC6;19;X;;;;;;;Nacional
;7957;EL BAGRE;MEDELLIN;11:25;12:10;DHC6;19;X;;;;;;;Nacional
;7958;MEDELLIN;MONTERIA;6:01;6:56;JS32;19;X;X;X;X;X;X;;Nacional
;7959;MONTERIA;MEDELLIN;9:00;9:55;JS32;19;X;X;X;X;X;X;;Nacional
;7960;MEDELLIN;MONTERIA;15:40;16:35;JS32;19;;;;;;;X;Nacional
;7962;MEDELLIN;MONTERIA;13:25;14:19;JS32;19;;;;;X;;;Nacional
;;;;13:30;14:25;JS32;19;;;;;;;X;Nacional
;7963;MONTERIA;MEDELLIN;16:25;17:20;JS32;19;X;X;X;X;X;;;Nacional
;;;;16:30;17:25;JS32;19;;;;;;;X;Nacional
;7964;BARRANQUILLA;CUCUTA;8:30;9:55;JS32;19;X;X;X;X;X;X;X;Nacional
;7965;CUCUTA;BARRANQUILLA;13:40;15:05;JS32;19;;;;;;;X;Nacional
;;;;14:40;16:05;JS32;19;X;X;X;X;X;X;;Nacional
;7966;MEDELLIN;MANIZALES;5:58;6:38;DHC6;19;X;X;X;X;X;;;Nacional
;7967;MANIZALES;MEDELLIN;6:50;7:30;DHC6;19;X;X;X;X;X;;;Nacional
;7968;MEDELLIN;MANIZALES;15:50;16:30;DHC6;19;;;;;;X;X;Nacional
;;;;16:15;16:55;DHC6;19;;;;;X;;;Nacional
;7969;MANIZALES;MEDELLIN;16:45;17:25;DHC6;19;X;X;X;X;;X;X;Nacional
;;;;17:10;17:50;DHC6;19;;;;;X;;;Nacional
;7970;MEDELLIN;MANIZALES;15:45;16:25;DHC6;19;;;;;X;;;Nacional
;7971;MANIZALES;MEDELLIN;16:35;17:15;DHC6;19;;;;;X;;;Nacional
;7972;MEDELLIN;NUQUI;9:49;10:49;DHC6;19;X;;X;;;;;Nacional
;;;;10:00;10:40;JS32;19;;;;;X;;;Nacional
;7973;NUQUI;MEDELLIN;12:10;12:50;JS32;19;;;;;X;;;Nacional
;;;;12:20;13:10;DHC6;19;X;;X;;;;;Nacional
;7974;MEDELLIN;REMEDIOS;8:14;8:55;DHC6;19;;;;;X;;;Nacional
;;;;8:29;9:09;DHC6;19;X;X;X;X;;X;;Nacional
;7975;REMEDIOS;MEDELLIN;9:10;9:50;DHC6;19;;;;;X;;;Nacional
;;;;9:25;10:05;DHC6;19;X;X;X;X;;X;;Nacional
;7976;MEDELLIN;REMEDIOS;14:00;14:40;DHC6;19;;;;;;;X;Nacional
;;;;14:20;15:00;DHC6;19;;;;;X;;;Nacional
;7977;REMEDIOS;MEDELLIN;14:50;15:30;DHC6;19;;;;;;;X;Nacional
;;;;15:15;15:55;DHC6;19;;;;;X;;;Nacional
;7978;MEDELLIN;PEREIRA;6:03;6:43;JS32;19;X;X;X;X;X;X;;Nacional
;7979;PEREIRA;MEDELLIN;6:50;7:30;JS32;19;X;X;X;X;X;X;;Nacional
;7982;MEDELLIN;PEREIRA;15:51;16:30;JS32;19;X;X;X;X;X;X;;Nacional
;;;;16:05;16:45;JS32;19;;;;;;;X;Nacional
;7983;PEREIRA;MEDELLIN;16:45;17:25;JS32;19;X;X;X;X;X;X;;Nacional
;;;;17:00;17:40;JS32;19;;;;;;;X;Nacional
;7984;MEDELLIN;TOLU;10:10;11:15;JS32;19;X;;X;;;X;;Nacional
;;;;11:05;12:10;JS32;19;;;;;X;;;Nacional
;7989;QUIBDO;MEDELLIN;12:05;12:40;JS32;19;X;X;X;X;X;;;Nacional
;;;;12:34;13:15;DHC6;19;;;;;;;X;Nacional
;7990;CUCUTA;CARTAGENA;10:15;11:40;JS32;19;X;X;X;X;X;X;X;Nacional
;7991;CARTAGENA;CUCUTA;12:00;13:25;JS32;19;;;;;;;X;Nacional
;;;;13:00;14:25;JS32;19;X;X;X;X;X;X;;Nacional
;7998;QUIBDO;NUQUI;11:20;11:40;DHC6;19;;;;;;;X;Nacional
;;;;11:35;11:55;JS32;19;;;;;X;;;Nacional
;;;;11:45;12:05;DHC6;19;X;;X;;;;;Nacional
;7999;NUQUI;QUIBDO;10:55;11:15;JS32;19;;;;;X;;;Nacional
;;;;11:05;11:25;DHC6;19;X;;X;;;;;Nacional
;;;;12:00;12:20;DHC6;19;;;;;;;X;Nacional
AEROREPUBLICA;7370;CARTAGENA;SAN ANDRES - ISLA;12:34;13:59;E190;106;X;;;;X;;;Nacional
;;;;13:20;14:45;E190;106;;;X;;;;X;Nacional
;7377;SAN ANDRES - ISLA;CARTAGENA;10:34;11:59;E190;106;X;;;;X;;;Nacional
;;;;11:20;12:45;E190;106;;;X;;;;X;Nacional
;7400;BOGOTA;RIONEGRO - ANTIOQUIA;5:54;6:52;E190;106;X;X;X;X;X;X;X;Nacional
;7431;CUCUTA;BOGOTA;6:01;7:06;E190;106;X;;X;X;X;X;X;Nacional
;;;;6:03;7:08;E190;106;;X;;;;;;Nacional
;7432;BOGOTA;CUCUTA;11:47;12:59;E190;106;X;X;X;X;X;;;Nacional
;;;;13:40;14:52;E190;106;;;;;;X;X;Nacional
;7433;CUCUTA;BOGOTA;13:36;14:49;E190;106;X;X;X;X;X;;;Nacional
;;;;15:26;16:39;E190;106;;;;;;X;X;Nacional
;7438;BOGOTA;CUCUTA;21:14;22:24;E190;106;;;;X;;;;Nacional
;;;;21:16;22:26;E190;106;X;X;X;;X;X;;Nacional
;;;;22:01;23:11;E190;106;;;;;;;X;Nacional
;7450;CALI;BOGOTA;6:00;6:52;E190;106;X;X;X;X;X;X;X;Nacional
;7451;BOGOTA;CALI;6:06;7:15;E190;106;X;X;X;X;X;X;X;Nacional
;7455;BOGOTA;CALI;13:07;14:14;E190;106;;;;;;X;X;Nacional
;7457;BOGOTA;CALI;17:06;18:11;E190;106;X;X;;;X;;;Nacional
;;;;17:54;18:59;E190;106;;;X;X;;;;Nacional
;7458;CALI;BOGOTA;16:58;17:57;E190;106;;;;;;X;;Nacional
;;;;18:38;19:37;E190;106;X;;;;;;;Nacional
;;;;18:43;19:42;E190;106;;;;;X;;X;Nacional
;;;;18:48;19:47;E190;106;;X;;;;;;Nacional
;;;;19:25;20:24;E190;106;;;X;X;;;;Nacional
;7459;BOGOTA;CALI;22:06;23:06;E190;106;X;X;X;X;X;X;X;Nacional
;7464;CALI;SAN ANDRES - ISLA;12:05;14:00;E190;106;X;X;X;X;X;X;X;Nacional
;7465;SAN ANDRES - ISLA;CALI;12:35;14:35;E190;106;X;X;X;X;X;;;Nacional
;;;;14:35;16:35;E190;106;;;;;;X;X;Nacional
;7468;CALI;BOGOTA;20:33;21:33;E190;106;X;;;X;X;;X;Nacional
;;;;20:40;21:40;E190;106;;;;;;X;;Nacional
;;;;20:42;21:42;E190;106;;X;X;;;;;Nacional
;7470;BOGOTA;CARTAGENA;8:58;10:25;E190;106;;;;;X;;;Nacional
;;;;9:04;10:31;E190;106;X;X;;;;X;X;Nacional
;;;;9:06;10:33;E190;106;;;;X;;;;Nacional
;;;;9:09;10:36;E190;106;;;X;;;;;Nacional
;7471;CARTAGENA;BOGOTA;10:50;12:17;E190;106;X;X;X;X;X;X;X;Nacional
;7472;BOGOTA;CARTAGENA;15:19;16:46;E190;106;X;X;X;X;X;;;Nacional
;7473;CARTAGENA;BOGOTA;17:21;18:48;E190;106;X;X;X;X;X;;;Nacional
;7478;BOGOTA;CARTAGENA;18:18;19:44;E190;106;;;;;;X;X;Nacional
;;;;18:51;20:17;E190;106;X;X;X;X;X;;;Nacional
;7479;CARTAGENA;BOGOTA;20:12;21:39;E190;106;;;;;;;X;Nacional
;;;;20:24;21:51;E190;106;;;;;;X;;Nacional
;;;;20:44;22:11;E190;106;X;X;X;X;X;;;Nacional
;7480;LETICIA;BOGOTA;15:29;17:29;E190;106;X;X;X;X;X;;;Nacional
;;;;21:13;23:13;E190;106;;;;;;X;X;Nacional
;7481;BOGOTA;LETICIA;12:52;14:52;E190;106;X;X;X;X;X;;;Nacional
;;;;18:39;20:39;E190;106;;;;;;X;X;Nacional
;7490;BOGOTA;SANTA MARTA;7:26;8:58;E190;106;X;X;X;X;X;X;X;Nacional
;7491;SANTA MARTA;BOGOTA;9:26;10:53;E190;106;X;X;X;X;X;X;X;Nacional
;7494;BOGOTA;SANTA MARTA;17:22;18:54;E190;106;;;;;;;X;Nacional
;;;;18:04;19:36;E190;106;X;X;X;X;X;X;;Nacional
;7495;SANTA MARTA;BOGOTA;19:19;20:47;E190;106;;;;;;;X;Nacional
;;;;19:59;21:27;E190;106;X;X;X;X;X;;;Nacional
;;;;20:00;21:28;E190;106;;;;;;X;;Nacional
;7501;RIONEGRO - ANTIOQUIA;BOGOTA;6:07;7:01;B737;124;;X;;X;;;;Nacional
;;;;6:10;7:04;B737;124;X;;X;;X;X;;Nacional
;7502;BOGOTA;RIONEGRO - ANTIOQUIA;7:29;8:24;E190;106;X;X;X;X;X;X;X;Nacional
;7505;RIONEGRO - ANTIOQUIA;BOGOTA;16:50;17:43;E190;106;X;X;X;X;X;X;X;Nacional
;7506;BOGOTA;RIONEGRO - ANTIOQUIA;17:50;18:45;E190;106;X;X;X;X;X;X;;Nacional
;7508;BOGOTA;RIONEGRO - ANTIOQUIA;21:11;22:06;B737;124;X;X;X;X;X;;X;Nacional
;7509;RIONEGRO - ANTIOQUIA;BOGOTA;19:05;20:07;E190;106;;X;;X;X;X;;Nacional
;;;;19:12;20:14;E190;106;X;;X;;;;;Nacional
;7512;RIONEGRO - ANTIOQUIA;SAN ANDRES - ISLA;9:05;10:50;E190;106;X;X;X;X;X;X;X;Nacional
;7517;RIONEGRO - ANTIOQUIA;BOGOTA;20:40;21:32;E190;106;;;;;;;X;Nacional
;;;;20:41;21:33;E190;106;;X;X;;;X;;Nacional
;;;;20:44;21:36;E190;106;X;;;X;;;;Nacional
;;;;20:45;21:36;E190;106;;;;;X;;;Nacional
;7521;BUCARAMANGA;BOGOTA;5:56;6:54;E190;106;;;X;;X;;X;Nacional
;;;;5:59;6:57;E190;106;X;X;;X;;;;Nacional
;;;;6:01;6:59;E190;106;;;;;;X;;Nacional
;7524;BOGOTA;BUCARAMANGA;11:17;12:18;E190;106;X;X;X;X;X;X;X;Nacional
;7525;BUCARAMANGA;BOGOTA;12:58;13:58;E190;106;X;X;X;X;X;;;Nacional
;;;;13:01;14:01;E190;106;;;;;;X;X;Nacional
;7526;BOGOTA;BUCARAMANGA;21:58;23:02;E190;106;X;X;X;X;X;X;X;Nacional
;7532;BARRANQUILLA;SAN ANDRES - ISLA;12:34;13:59;E190;106;;X;;;;;;Nacional
;;;;13:20;14:45;E190;106;;;;X;;X;;Nacional
;7533;SAN ANDRES - ISLA;BARRANQUILLA;10:34;11:59;E190;106;;X;;;;;;Nacional
;;;;11:20;12:45;E190;106;;;;X;;X;;Nacional
;7535;BARRANQUILLA;BOGOTA;17:45;19:14;E190;106;X;X;X;X;X;X;X;Nacional
;7536;BOGOTA;BARRANQUILLA;20:58;22:28;E190;106;X;X;X;X;X;;;Nacional
;;;;22:04;23:34;E190;106;;;;;;X;X;Nacional
;7538;BOGOTA;BARRANQUILLA;13:23;14:48;E190;106;;X;;;X;;;Nacional
;;;;13:26;14:51;E190;106;X;;X;X;;X;X;Nacional
;7539;BARRANQUILLA;BOGOTA;11:20;12:48;E190;106;;X;;;X;;;Nacional
;;;;11:21;12:49;E190;106;X;;X;X;;X;X;Nacional
;7540;BOGOTA;SAN ANDRES - ISLA;9:32;11:40;E190;106;;;X;X;;;;Nacional
;7541;SAN ANDRES - ISLA;BOGOTA;14:33;16:33;E190;106;X;X;;;X;;;Nacional
;;;;15:18;17:18;E190;106;;;;;;X;;Nacional
;;;;15:19;17:19;E190;106;;;X;X;;;X;Nacional
;7542;BOGOTA;SAN ANDRES - ISLA;11:48;13:58;E190;106;;;;;;X;X;Nacional
;;;;13:41;15:46;E190;106;X;X;X;X;X;;;Nacional
;7543;SAN ANDRES - ISLA;BOGOTA;16:16;18:16;E190;106;X;X;X;X;X;;;Nacional
;7544;BOGOTA;SAN ANDRES - ISLA;19:31;21:36;E190;106;X;X;;X;X;;;Nacional
;;;;19:32;21:37;E190;106;;;X;;;;;Nacional
;7545;SAN ANDRES - ISLA;BOGOTA;22:06;0:06;E190;106;X;X;X;X;X;;;Nacional
;7546;BOGOTA;SAN ANDRES - ISLA;17:21;19:26;E190;106;;;;;;X;X;Nacional
;7547;SAN ANDRES - ISLA;BOGOTA;19:52;21:52;E190;106;;;;;;X;X;Nacional
;7548;BOGOTA;SAN ANDRES - ISLA;20:00;22:05;E190;106;;;;;;X;X;Nacional
;7549;SAN ANDRES - ISLA;BOGOTA;22:34;0:34;E190;106;;;;;;X;X;Nacional
;7597;SAN ANDRES - ISLA;RIONEGRO - ANTIOQUIA;14:34;16:25;E190;106;;;;;;X;X;Nacional
;;;;14:35;16:25;E190;106;X;X;X;X;X;;;Nacional
;7674;BOGOTA;PUNTA CANA;23:06;2:46;E190;106;;;;;;X;;Int
;7675;PUNTA CANA;BOGOTA;3:30;5:10;E190;106;;;;;;;X;Int
AIRES;3000;BOGOTA;RIONEGRO - ANTIOQUIA;5:46;6:46;A320;168;X;X;X;X;X;;;Nacional
;;;;6:37;7:37;B737;148;;;;;;X;;Nacional
;3001;RIONEGRO - ANTIOQUIA;BOGOTA;7:24;8:19;A320;168;;;;;X;;;Nacional
;;;;7:27;8:22;A320;168;X;X;X;X;;;;Nacional
;;;;7:57;8:52;B737;148;;;;;;X;;Nacional
;3002;BOGOTA;RIONEGRO - ANTIOQUIA;7:24;8:24;A320;168;;;;;;X;;Nacional
;;;;8:08;9:08;A320;168;;;;;;;X;Nacional
;;;;8:09;9:09;A320;168;X;X;X;X;X;;;Nacional
;3003;RIONEGRO - ANTIOQUIA;BOGOTA;9:04;9:59;A320;168;;;;;;X;;Nacional
;;;;9:43;10:38;A320;168;X;X;X;X;X;;;Nacional
;;;;9:47;10:42;A320;168;;;;;;;X;Nacional
;3006;BOGOTA;RIONEGRO - ANTIOQUIA;11:41;12:41;A320;168;X;X;X;X;X;;;Nacional
;;;;11:51;12:51;A320;168;;;;;;;X;Nacional
;3007;RIONEGRO - ANTIOQUIA;BOGOTA;13:11;14:06;A320;168;;;;X;;;;Nacional
;;;;13:13;14:08;A320;168;X;X;X;;X;;;Nacional
;;;;13:42;14:37;A320;168;;;;;;;X;Nacional
;3008;BOGOTA;RIONEGRO - ANTIOQUIA;11:31;12:31;A320;168;;;;;;X;;Nacional
;3009;RIONEGRO - ANTIOQUIA;BOGOTA;13:30;14:25;A320;168;;;;;;X;;Nacional
;3010;BOGOTA;RIONEGRO - ANTIOQUIA;12:56;13:56;A320;168;;;;;;;X;Nacional
;;;;13:46;14:46;A320;168;X;X;X;X;X;;;Nacional
;3011;RIONEGRO - ANTIOQUIA;BOGOTA;14:20;15:15;A320;168;;;;;;;X;Nacional
;;;;15:37;16:32;A320;168;X;X;X;X;X;;;Nacional
;3012;BOGOTA;RIONEGRO - ANTIOQUIA;15:23;16:23;A320;168;;;;;;X;;Nacional
;;;;17:25;18:25;A320;168;X;X;X;X;X;;;Nacional
;3013;RIONEGRO - ANTIOQUIA;BOGOTA;17:05;18:00;A320;168;;;;;;X;;Nacional
;3014;BOGOTA;RIONEGRO - ANTIOQUIA;16:29;17:29;A320;168;;;;;;;X;Nacional
;3015;RIONEGRO - ANTIOQUIA;BOGOTA;18:00;18:55;A320;168;;;;;;;X;Nacional
;3016;BOGOTA;RIONEGRO - ANTIOQUIA;17:41;18:41;A320;168;;;;;;;X;Nacional
;3017;RIONEGRO - ANTIOQUIA;BOGOTA;19:10;20:05;A320;168;;;;;;;X;Nacional
;3018;BOGOTA;RIONEGRO - ANTIOQUIA;18:39;19:39;A320;168;X;X;X;X;X;;;Nacional
;;;;18:43;19:43;A320;168;;;;;;X;;Nacional
;3019;RIONEGRO - ANTIOQUIA;BOGOTA;20:09;21:04;A320;168;;;;;;X;;Nacional
;;;;20:42;21:37;A320;168;X;X;X;X;X;;;Nacional
;3020;BOGOTA;RIONEGRO - ANTIOQUIA;20:46;21:46;A320;168;X;X;X;X;X;;;Nacional
;;;;21:12;22:12;B737;148;;;;;;;X;Nacional
;3021;RIONEGRO - ANTIOQUIA;BOGOTA;22:21;23:16;A320;168;X;X;X;X;X;;;Nacional
;;;;22:40;23:35;B737;148;;;;;;;X;Nacional
;3042;BOGOTA;RIONEGRO - ANTIOQUIA;21:55;22:55;A320;168;;;;X;X;;;Nacional
;;;;21:56;22:56;A320;168;X;X;X;;;;;Nacional
;;;;22:13;23:13;A320;168;;;;;;X;;Nacional
;3043;RIONEGRO - ANTIOQUIA;BOGOTA;6:16;7:11;A320;168;;;;;;X;;Nacional
;;;;6:30;7:25;A320;168;X;X;;X;;;;Nacional
;3044;BOGOTA;SAN ANDRES - ISLA;10:57;13:12;B737;148;;;;;;;X;Nacional
;;;;11:22;13:37;B737;148;X;X;X;X;X;;;Nacional
;;;;11:39;13:54;B737;148;;;;;;X;;Nacional
;3045;SAN ANDRES - ISLA;BOGOTA;13:46;15:51;B737;148;;;;;;;X;Nacional
;;;;14:24;16:29;B737;148;X;X;X;X;X;;;Nacional
;;;;14:33;16:38;B737;148;;;;;;X;;Nacional
;3050;CALI;BOGOTA;8:05;9:05;A320;168;X;X;X;X;X;;;Nacional
;;;;8:29;9:29;B737;148;;;;;;;X;Nacional
;3051;BOGOTA;CALI;6:00;7:05;A320;168;X;X;X;X;X;;;Nacional
;;;;6:59;8:04;B737;148;;;;;;;X;Nacional
;3052;CALI;BOGOTA;9:51;10:51;A320;168;;;;;;X;;Nacional
;;;;10:52;11:52;A320;168;;;;;;;X;Nacional
;3053;BOGOTA;CALI;8:08;9:13;A320;168;;;;;;X;;Nacional
;;;;9:10;10:15;A320;168;;;;;;;X;Nacional
;;;;9:49;10:54;A320;168;X;X;X;X;X;;;Nacional
;3054;CALI;BOGOTA;12:15;13:15;B737;148;;;;;;X;;Nacional
;3055;BOGOTA;CALI;10:40;11:45;B737;148;;;;;;X;;Nacional
;3058;CALI;BOGOTA;14:46;15:46;B737;148;X;X;X;X;X;;;Nacional
;;;;14:48;15:48;B737;148;;;;;;X;;Nacional
;;;;15:08;16:08;B737;148;;;;;;;X;Nacional
;3059;BOGOTA;CALI;12:48;13:53;B737;148;X;;X;;;;;Nacional
;;;;12:49;13:54;B737;148;;X;;;X;;;Nacional
;;;;12:55;14:00;B737;148;;;;X;;;;Nacional
;;;;12:58;14:03;B737;148;;;;;;X;;Nacional
;;;;13:22;14:27;B737;148;;;;;;;X;Nacional
;3062;CALI;BOGOTA;16:51;17:51;A320;168;X;X;X;X;X;;;Nacional
;3063;BOGOTA;CALI;15:07;16:12;A320;168;X;X;X;X;X;;;Nacional
;3064;CALI;BOGOTA;20:04;21:04;A320;168;X;X;X;X;X;;;Nacional
;;;;20:30;21:30;A320;168;;;;;;;X;Nacional
;3065;BOGOTA;CALI;18:24;19:29;A320;168;X;X;X;X;X;;;Nacional
;;;;18:52;19:57;A320;168;;;;;;;X;Nacional
;3066;CALI;BOGOTA;21:46;22:46;A320;168;;;;;;X;;Nacional
;3067;BOGOTA;CALI;20:12;21:17;A320;168;;;;;;X;;Nacional
;3088;CALI;BOGOTA;6:11;7:11;B737;148;X;X;X;X;X;;;Nacional
;;;;6:30;7:30;B737;148;;;;;;X;;Nacional
;;;;6:58;7:58;B737;148;;;;;;;X;Nacional
;3089;BOGOTA;CALI;21:55;23:00;B737;148;;;;;;X;;Nacional
;;;;22:01;23:06;B737;148;X;X;X;;;;;Nacional
;;;;22:03;23:08;B737;148;;;;X;;;;Nacional
;;;;22:20;23:25;B737;148;;;;;X;;;Nacional
;;;;22:30;23:35;B737;148;;;;;;;X;Nacional
;3090;BOGOTA;CARTAGENA;6:31;8:01;A320;168;;;;;;X;;Nacional
;3091;CARTAGENA;BOGOTA;8:33;10:03;A320;168;;;;;;X;;Nacional
;3092;BOGOTA;CARTAGENA;8:35;10:05;A320;168;;;;;;;X;Nacional
;;;;9:45;11:15;A320;168;X;X;X;X;X;;;Nacional
;3093;CARTAGENA;BOGOTA;10:35;12:05;A320;168;;;;;;;X;Nacional
;;;;11:46;13:16;A320;168;X;;;;X;;;Nacional
;;;;11:47;13:17;A320;168;;X;X;X;;;;Nacional
;3096;BOGOTA;CARTAGENA;10:46;12:16;A320;168;;;;;;X;;Nacional
;;;;13:38;15:08;A320;168;X;;X;;X;;;Nacional
;;;;13:40;15:10;A320;168;;X;;X;;;;Nacional
;3097;CARTAGENA;BOGOTA;12:46;14:16;A320;168;;;;;;X;;Nacional
;;;;15:38;17:08;A320;168;X;X;X;X;X;;;Nacional
;3098;BOGOTA;CARTAGENA;15:05;16:35;A320;168;;;;;;;X;Nacional
;3099;CARTAGENA;BOGOTA;17:14;18:44;A320;168;;;;;;;X;Nacional
;3100;BOGOTA;CARTAGENA;15:55;17:25;A320;168;;;;;;X;;Nacional
;3101;CARTAGENA;BOGOTA;17:56;19:26;A320;168;;;;;;X;;Nacional
;3102;BOGOTA;CARTAGENA;18:16;19:46;B737;148;;;;;;;X;Nacional
;;;;18:17;19:47;A320;168;;;;;;X;;Nacional
;3103;CARTAGENA;BOGOTA;20:23;21:53;B737;148;;;;;;;X;Nacional
;;;;20:31;22:01;A320;168;;;;;;X;;Nacional
;3104;BOGOTA;CARTAGENA;18:55;20:25;A320;168;X;X;X;;X;;;Nacional
;;;;18:56;20:26;A320;168;;;;X;;;;Nacional
;;;;19:52;21:22;A320;168;;;;;;;X;Nacional
;3105;CARTAGENA;BOGOTA;21:19;22:49;A320;168;X;X;X;X;X;;;Nacional
;;;;21:56;23:26;A320;168;;;;;;;X;Nacional
;3106;BOGOTA;CARTAGENA;21:25;22:55;A320;168;;;;;;;X;Nacional
;;;;;;B737;148;X;X;X;X;X;;;Nacional
;3107;CARTAGENA;BOGOTA;23:20;0:50;A320;168;;;;;;;X;Nacional
;;;;;;B737;148;X;X;X;X;X;;;Nacional
;3114;BOGOTA;LETICIA;11:31;13:36;B737;148;X;X;X;X;X;;;Nacional
;;;;12:20;14:25;B737;148;;;;;;;X;Nacional
;3115;LETICIA;BOGOTA;14:06;16:06;B737;148;X;X;X;X;X;;;Nacional
;;;;15:10;17:10;B737;148;;;;;;;X;Nacional
;3116;BOGOTA;LETICIA;12:32;14:37;B737;148;;;;;;X;;Nacional
;3117;LETICIA;BOGOTA;15:31;17:31;B737;148;;;;;;X;;Nacional
;3120;BOGOTA;BARRANQUILLA;7:10;8:45;B737;148;;;;;;X;;Nacional
;3121;BARRANQUILLA;BOGOTA;9:12;10:42;B737;148;;;;;;X;;Nacional
;3122;BOGOTA;BARRANQUILLA;7:09;8:44;B737;148;X;X;X;X;X;;;Nacional
;;;;8:46;10:21;B737;148;;;;;;;X;Nacional
;3123;BARRANQUILLA;BOGOTA;9:09;10:39;B737;148;X;X;X;X;X;;;Nacional
;;;;10:51;12:21;B737;148;;;;;;;X;Nacional
;3126;BOGOTA;BARRANQUILLA;11:02;12:37;A320;168;;;;;;X;;Nacional
;3127;BARRANQUILLA;BOGOTA;13:15;14:45;A320;168;;;;;;X;;Nacional
;3128;BOGOTA;BARRANQUILLA;13:15;14:50;A320;168;;;;;;;X;Nacional
;;;;14:03;15:38;B737;148;X;X;X;X;X;;;Nacional
;3129;BARRANQUILLA;BOGOTA;15:22;16:52;A320;168;;;;;;;X;Nacional
;;;;16:08;17:38;B737;148;X;X;X;X;X;;;Nacional
;3134;BOGOTA;BARRANQUILLA;17:10;18:45;A320;168;;;;;;X;;Nacional
;3135;BARRANQUILLA;BOGOTA;19:33;21:03;A320;168;;;;;;X;;Nacional
;3136;BOGOTA;BARRANQUILLA;20:14;21:49;B737;148;;X;;;;;;Nacional
;;;;20:15;21:50;B737;148;X;;X;X;X;;;Nacional
;3137;BARRANQUILLA;BOGOTA;22:37;0:07;B737;148;X;X;X;X;;;;Nacional
;3140;BOGOTA;SANTA MARTA;7:01;8:36;B737;148;;;;;;X;;Nacional
;3141;SANTA MARTA;BOGOTA;9:00;10:30;B737;148;;;;;;X;;Nacional
;3142;BOGOTA;SANTA MARTA;10:03;11:38;B737;148;X;X;X;X;X;;;Nacional
;3143;SANTA MARTA;BOGOTA;11:59;13:29;B737;148;X;X;X;X;X;;;Nacional
;3146;BOGOTA;SANTA MARTA;11:35;13:10;B737;148;;;;;;;X;Nacional
;;;;13:55;15:30;B737;148;;;;;;X;;Nacional
;3147;SANTA MARTA;BOGOTA;13:12;14:42;B737;148;;;;;;;X;Nacional
;;;;15:56;17:26;B737;148;;;;;;X;;Nacional
;3148;BOGOTA;SANTA MARTA;14:07;15:42;B737;148;X;X;X;X;X;;;Nacional
;;;;14:32;16:07;B737;148;;;;;;;X;Nacional
;;;;15:18;16:53;B737;148;;;;;;X;;Nacional
;3149;SANTA MARTA;BOGOTA;16:09;17:39;B737;148;X;;;;X;;;Nacional
;;;;16:22;17:52;B737;148;;X;X;X;;;;Nacional
;;;;16:35;18:05;B737;148;;;;;;;X;Nacional
;;;;17:33;19:03;B737;148;;;;;;X;;Nacional
;3150;BOGOTA;SANTA MARTA;20:25;22:00;B737;148;X;X;X;X;X;;X;Nacional
;3151;SANTA MARTA;BOGOTA;22:27;23:57;B737;148;X;X;X;X;X;;X;Nacional
;3153;ARMENIA;BOGOTA;7:09;8:14;DH8B;37;X;X;X;X;X;;;Nacional
;;;;8:31;9:36;DH8B;37;;;;;;X;;Nacional
;;;;9:05;10:10;DH8B;37;;;;;;;X;Nacional
;3159;ARMENIA;BOGOTA;20:35;21:40;DH8B;37;;;;;;;X;Nacional
;;;;20:36;21:41;DH8B;37;X;X;X;X;X;;;Nacional
;3160;BOGOTA;BUCARAMANGA;6:07;7:12;B737;148;;;;;;X;;Nacional
;;;;6:09;7:14;B737;148;;X;;X;;;;Nacional
;;;;6:21;7:26;B737;148;;;X;;;;;Nacional
;;;;6:22;7:27;B737;148;X;;;;X;;;Nacional
;3161;BUCARAMANGA;BOGOTA;7:49;8:54;B737;148;X;X;X;X;X;;;Nacional
;;;;7:50;8:55;B737;148;;;;;;X;;Nacional
;3162;BOGOTA;BUCARAMANGA;9:11;10:16;B737;148;X;;;;X;;;Nacional
;;;;9:12;10:17;B737;148;;;X;;;;;Nacional
;;;;9:24;10:29;B737;148;;X;;X;;;;Nacional
;;;;10:23;11:28;B737;148;;;;;;;X;Nacional
;;;;11:47;12:52;B737;148;;;;;;X;;Nacional
;3163;BUCARAMANGA;BOGOTA;11:02;12:07;B737;148;X;X;X;;;;;Nacional
;;;;11:03;12:08;B737;148;;;;X;;;;Nacional
;;;;11:06;12:11;B737;148;;;;;X;;;Nacional
;;;;12:00;13:05;B737;148;;;;;;;X;Nacional
;;;;13:30;14:35;B737;148;;;;;;X;;Nacional
;3164;BOGOTA;BUCARAMANGA;15:55;17:00;B737;148;;;;;;;X;Nacional
;3165;BUCARAMANGA;BOGOTA;17:32;18:37;B737;148;;;;;;;X;Nacional
;3166;BOGOTA;BUCARAMANGA;17:02;18:07;B737;148;;;;;;;X;Nacional
;3167;BUCARAMANGA;BOGOTA;18:40;19:45;B737;148;;;;;;;X;Nacional
;3168;BOGOTA;BUCARAMANGA;18:37;19:42;B737;148;X;X;X;X;X;;;Nacional
;;;;19:52;20:57;B737;148;;;;;;X;;Nacional
;3169;BUCARAMANGA;BOGOTA;20:12;21:17;B737;148;;;;;X;;;Nacional
;;;;20:13;21:18;B737;148;X;X;X;X;;;;Nacional
;;;;21:30;22:35;B737;148;;;;;;X;;Nacional
;3172;BOGOTA;MANIZALES;8:09;9:19;DH8B;37;;;;;;;X;Nacional
;3173;MANIZALES;BOGOTA;9:43;10:38;DH8B;37;;;;;;;X;Nacional
;3174;BOGOTA;MANIZALES;9:18;10:28;DH8B;37;;;;;;X;;Nacional
;;;;9:50;11:00;DH8B;37;X;;;;;;;Nacional
;;;;9:52;11:02;DH8B;37;;X;X;X;X;;;Nacional
;3175;MANIZALES;BOGOTA;10:41;11:36;DH8B;37;;;;;;X;;Nacional
;;;;11:16;12:11;DH8B;37;X;X;X;X;;;;Nacional
;;;;11:21;12:16;DH8B;37;;;;;X;;;Nacional
;3178;BOGOTA;MANIZALES;15:04;16:14;DH8B;37;;;;;;X;;Nacional
;;;;15:07;16:17;DH8B;37;;;;;;;X;Nacional
;;;;15:45;16:55;DH8B;37;X;X;X;X;X;;;Nacional
;3179;MANIZALES;BOGOTA;16:30;17:25;DH8B;37;;;;;;X;;Nacional
;;;;16:33;17:28;DH8B;37;;;;;;;X;Nacional
;;;;17:31;18:26;DH8B;37;X;;;;;;;Nacional
;;;;17:32;18:27;DH8B;37;;;X;;X;;;Nacional
;3180;BOGOTA;CUCUTA;6:41;8:01;B737;148;;;;;;X;;Nacional
;;;;6:46;8:06;B737;148;X;X;X;X;X;;;Nacional
;;;;7:00;8:20;B737;148;;;;;;;X;Nacional
;3181;CUCUTA;BOGOTA;8:29;9:54;B737;148;;;;;;X;;Nacional
;;;;8:34;9:59;B737;148;X;X;X;X;X;;;Nacional
;;;;8:47;10:12;B737;148;;;;;;;X;Nacional
;3186;BOGOTA;CUCUTA;17:47;19:07;B737;148;;;;;;X;;Nacional
;;;;19:18;20:38;B737;148;X;X;X;X;X;;X;Nacional
;3187;CUCUTA;BOGOTA;19:32;20:57;B737;148;;;;;;X;;Nacional
;;;;20:52;22:17;B737;148;;;;;;;X;Nacional
;;;;21:11;22:36;B737;148;X;X;X;X;X;;;Nacional
;3190;BOGOTA;MONTERIA;6:46;8:06;B737;148;;;;;;;X;Nacional
;3191;MONTERIA;BOGOTA;8:36;9:56;B737;148;;;;;;;X;Nacional
;3192;BOGOTA;MONTERIA;9:55;11:15;B737;148;X;X;X;X;X;;;Nacional
;;;;10:02;11:22;B737;148;;;;;;X;;Nacional
;3193;MONTERIA;BOGOTA;11:42;13:02;B737;148;X;;X;;;;;Nacional
;;;;11:46;13:06;B737;148;;X;;X;X;;;Nacional
;;;;12:02;13:22;B737;148;;;;;;X;;Nacional
;3196;BOGOTA;MONTERIA;16:42;18:02;B737;148;;;;;;;X;Nacional
;;;;17:24;18:44;B737;148;;;;;;X;;Nacional
;;;;17:40;19:00;B737;148;X;X;X;X;X;;;Nacional
;3197;MONTERIA;BOGOTA;19:12;20:32;B737;148;;;;;;X;;Nacional
;;;;19:23;20:43;B737;148;;X;X;;;;;Nacional
;;;;19:29;20:49;B737;148;X;;;X;X;;;Nacional
;3200;BOGOTA;EL YOPAL;5:41;6:41;B737;148;X;X;X;X;X;;;Nacional
;3201;EL YOPAL;BOGOTA;7:18;8:18;B737;148;X;X;X;X;X;;;Nacional
;3202;BOGOTA;EL YOPAL;9:40;10:40;DH8D;78;;;;;;X;;Nacional
;;;;10:25;11:25;DH8D;78;X;X;X;X;X;;;Nacional
;3203;EL YOPAL;BOGOTA;11:09;12:09;DH8D;78;;;;;;X;;Nacional
;;;;11:59;12:59;DH8D;78;X;X;X;X;X;;;Nacional
;3204;BOGOTA;EL YOPAL;11:02;12:02;DH8D;78;;;;;;;X;Nacional
;;;;13:35;14:35;DH8D;78;;;;;;X;;Nacional
;3205;EL YOPAL;BOGOTA;12:41;13:41;DH8D;78;;;;;;;X;Nacional
;;;;14:57;15:57;DH8D;78;;;;;;X;;Nacional
;3206;BOGOTA;EL YOPAL;14:36;15:36;DH8D;78;;;;;;;X;Nacional
;3207;EL YOPAL;BOGOTA;15:35;16:35;DH8D;78;X;X;X;X;X;;;Nacional
;;;;16:05;17:05;DH8D;78;;;;;;;X;Nacional
;3208;BOGOTA;EL YOPAL;16:47;17:47;B737;148;X;X;X;X;X;;;Nacional
;3209;EL YOPAL;BOGOTA;18:38;19:38;B737;148;X;X;X;X;X;;;Nacional
;3210;BOGOTA;PEREIRA;6:25;7:25;B737;148;X;X;X;X;X;;;Nacional
;;;;7:30;8:30;B737;148;;;;;;;X;Nacional
;;;;9:31;10:31;B737;148;;;;;;X;;Nacional
;3211;PEREIRA;BOGOTA;7:49;8:44;B737;148;X;X;X;X;X;;;Nacional
;;;;8:57;9:52;B737;148;;;;;;;X;Nacional
;;;;10:57;11:52;B737;148;;;;;;X;;Nacional
;3214;BOGOTA;PEREIRA;17:18;18:18;B737;148;X;X;X;;X;;;Nacional
;3215;PEREIRA;BOGOTA;18:50;19:45;B737;148;;;;;X;;;Nacional
;3216;BOGOTA;PEREIRA;18:58;19:58;B737;148;;;;;;X;;Nacional
;;;;19:40;20:40;B737;148;;;;;;;X;Nacional
;3217;PEREIRA;BOGOTA;20:24;21:19;B737;148;;;;;;X;;Nacional
;;;;21:24;22:19;B737;148;;;;;;;X;Nacional
;3221;BOGOTA;NEIVA;6:03;7:08;DH8D;78;;;;;;X;;Nacional
;;;;6:07;7:12;DH8D;78;X;X;X;X;X;;;Nacional
;;;;7:31;8:36;DH8D;78;;;;;;;X;Nacional
;3222;NEIVA;BOGOTA;13:30;14:30;DH8B;37;;;;;;X;;Nacional
;;;;14:09;15:09;DH8B;37;;;;;X;;;Nacional
;;;;14:12;15:12;DH8B;37;X;;;;;;;Nacional
;;;;14:23;15:23;DH8B;37;;X;X;X;;;;Nacional
;3223;BOGOTA;NEIVA;12:07;13:12;DH8B;37;;;;;;X;;Nacional
;;;;12:45;13:50;DH8B;37;X;;;;;;;Nacional
;;;;12:47;13:52;DH8B;37;;;X;;X;;;Nacional
;;;;12:53;13:58;DH8B;37;;X;;X;;;;Nacional
;3225;BOGOTA;NEIVA;17:54;18:59;DH8B;37;;;;;;X;;Nacional
;3226;NEIVA;BOGOTA;20:50;21:50;DH8B;37;X;X;X;X;X;;;Nacional
;3227;BOGOTA;NEIVA;18:12;19:17;DH8B;37;;;;;;;X;Nacional
;;;;18:58;20:03;DH8B;37;X;X;X;X;X;;;Nacional
;3228;PUERTO ASIS;BOGOTA;11:42;13:22;DH8B;37;X;X;X;X;X;;;Nacional
;;;;13:14;14:54;DH8B;37;;;;;;X;;Nacional
;3229;BOGOTA;PUERTO ASIS;9:39;11:24;DH8B;37;X;X;X;X;X;;;Nacional
;;;;10:57;12:42;DH8B;37;;;;;;X;;Nacional
;3230;PUERTO ASIS;BOGOTA;13:42;15:22;DH8B;37;;;;;;;X;Nacional
;3231;BOGOTA;PUERTO ASIS;11:31;13:16;DH8B;37;;;;;;;X;Nacional
;3232;IBAGUE;BOGOTA;9:27;10:12;DH8B;37;X;X;X;X;X;X;;Nacional
;3233;BOGOTA;IBAGUE;8:14;9:09;DH8B;37;;;;;;X;;Nacional
;;;;8:15;9:10;DH8B;37;X;X;X;X;X;;;Nacional
;;;;8:17;9:12;DH8B;37;;;;;;;X;Nacional
;3238;IBAGUE;BOGOTA;17:27;18:12;DH8B;37;;;;;;X;;Nacional
;;;;17:49;18:34;DH8B;37;;;;;;;X;Nacional
;;;;19:29;20:14;DH8B;37;;;;X;;;;Nacional
;;;;19:31;20:16;DH8B;37;X;;X;;X;;;Nacional
;;;;19:33;20:18;DH8B;37;;X;;;;;;Nacional
;3239;BOGOTA;IBAGUE;16:02;16:57;DH8B;37;;;;;;X;;Nacional
;;;;16:27;17:22;DH8B;37;;;;;;;X;Nacional
;;;;18:10;19:05;DH8B;37;X;X;X;X;X;;;Nacional
;3240;BOGOTA;VALLEDUPAR;8:25;9:55;B737;148;;;;;;X;;Nacional
;;;;8:39;10:09;B737;148;X;X;X;X;X;;;Nacional
;3241;VALLEDUPAR;BOGOTA;10:35;12:05;B737;148;X;X;X;X;X;;;Nacional
;;;;10:38;12:08;B737;148;;;;;;X;;Nacional
;3242;BOGOTA;VALLEDUPAR;10:41;12:11;B737;148;;;;;;;X;Nacional
;3246;BOGOTA;VILLAVICENCIO;5:52;6:52;DH8B;37;;;;;;X;;Nacional
;;;;6:13;7:13;DH8B;37;X;X;X;X;X;;;Nacional
;3247;VILLAVICENCIO;BOGOTA;7:10;8:05;DH8B;37;;;;;;X;;Nacional
;;;;7:29;8:24;DH8B;37;X;X;X;X;X;;;Nacional
;3248;BOGOTA;VILLAVICENCIO;11:07;12:07;DH8B;37;;;;;;;X;Nacional
;3249;VILLAVICENCIO;BOGOTA;12:32;13:27;DH8B;37;;;;;;;X;Nacional
;3252;BOGOTA;VILLAVICENCIO;14:35;15:35;DH8B;37;;;;;;;X;Nacional
;;;;15:41;16:41;DH8B;37;;;;;;X;;Nacional
;;;;16:02;17:02;DH8B;37;X;X;X;X;X;;;Nacional
;3253;VILLAVICENCIO;BOGOTA;15:52;16:47;DH8B;37;;;;;;;X;Nacional
;;;;16:56;17:51;DH8B;37;;;;;;X;;Nacional
;;;;17:27;18:22;DH8B;37;X;;X;;;;;Nacional
;;;;17:31;18:26;DH8B;37;;;;X;X;;;Nacional
;;;;17:33;18:28;DH8B;37;;X;;;;;;Nacional
;3350;MEDELLIN;CAREPA;6:00;6:50;DH8B;37;X;X;X;X;X;;;Nacional
;;;;6:05;6:55;DH8B;37;;;;;;X;;Nacional
;3351;CAREPA;MEDELLIN;7:10;8:00;DH8B;37;X;X;X;X;X;;;Nacional
;;;;7:15;8:05;DH8B;37;;;;;;X;;Nacional
;3352;MEDELLIN;CAREPA;9:25;10:15;DH8B;37;;;;;;;X;Nacional
;;;;9:40;10:30;DH8B;37;;;;;;X;;Nacional
;3353;CAREPA;MEDELLIN;10:35;11:25;DH8B;37;;;;;;;X;Nacional
;;;;10:50;11:40;DH8B;37;;;;;;X;;Nacional
;3354;MEDELLIN;CAREPA;12:05;12:55;DH8B;37;;;;;;;X;Nacional
;;;;12:25;13:15;DH8B;37;X;X;X;X;X;;;Nacional
;3355;CAREPA;MEDELLIN;13:15;14:05;DH8B;37;;;;;;;X;Nacional
;;;;13:35;14:25;DH8B;37;X;X;X;X;X;;;Nacional
;3356;MEDELLIN;CAREPA;12:40;13:30;DH8B;37;;;;;;X;;Nacional
;3357;CAREPA;MEDELLIN;13:50;14:40;DH8B;37;;;;;;X;;Nacional
;3358;MEDELLIN;CAREPA;15:00;15:50;DH8B;37;X;X;X;X;X;;;Nacional
;3359;CAREPA;MEDELLIN;16:10;17:00;DH8B;37;X;X;X;X;X;;;Nacional
;3360;QUIBDO;MEDELLIN;7:35;8:15;DH8B;37;;;;;;;X;Nacional
;;;;9:45;10:25;DH8B;37;X;X;X;X;X;X;;Nacional
;3361;MEDELLIN;QUIBDO;6:30;7:15;DH8B;37;;;;;;;X;Nacional
;;;;8:20;9:05;DH8B;37;X;X;X;X;X;;;Nacional
;;;;8:40;9:25;DH8B;37;;;;;;X;;Nacional
;3364;QUIBDO;MEDELLIN;13:10;13:50;DH8B;37;X;X;X;X;X;;;Nacional
;;;;13:25;14:05;DH8B;37;;;;;;;X;Nacional
;3365;MEDELLIN;QUIBDO;11:45;12:30;DH8B;37;X;X;X;X;X;;;Nacional
;;;;12:10;12:55;DH8B;37;;;;;;;X;Nacional
;3366;QUIBDO;MEDELLIN;14:00;14:40;DH8B;37;X;X;X;X;X;;;Nacional
;;;;15:50;16:30;DH8B;37;;;;;;X;;Nacional
;3367;MEDELLIN;QUIBDO;12:55;13:40;DH8B;37;X;X;X;X;X;;;Nacional
;;;;14:45;15:30;DH8B;37;;;;;;X;;Nacional
;3368;MEDELLIN;MONTERIA;6:00;7:00;DH8B;37;;;;;;X;;Nacional
;;;;6:05;7:05;DH8B;37;X;X;X;X;X;;;Nacional
;;;;6:10;7:10;DH8B;37;;;;;;;X;Nacional
;3369;MONTERIA;MEDELLIN;7:20;8:20;DH8B;37;;;;;;X;;Nacional
;;;;7:25;8:25;DH8B;37;X;X;X;X;X;;;Nacional
;;;;7:30;8:30;DH8B;37;;;;;;;X;Nacional
;3374;MEDELLIN;MONTERIA;14:40;15:40;DH8B;37;;;;;;X;;Nacional
;;;;14:45;15:45;DH8B;37;X;X;X;X;X;;X;Nacional
;3375;MONTERIA;MEDELLIN;16:00;17:00;DH8B;37;;;;;;X;;Nacional
;;;;16:05;17:05;DH8B;37;X;X;X;X;X;;X;Nacional
;3376;IBAGUE;MEDELLIN;10:25;11:10;DH8B;37;X;X;X;X;X;;;Nacional
;3377;MEDELLIN;IBAGUE;9:15;10:05;DH8B;37;X;X;X;X;X;;;Nacional
;3380;PEREIRA;MEDELLIN;7:15;7:55;DH8B;37;X;X;X;X;X;;;Nacional
;3381;MEDELLIN;PEREIRA;6:10;6:55;DH8B;37;X;X;X;X;X;;;Nacional
;3382;PEREIRA;MEDELLIN;10:45;11:25;DH8B;37;;;;;;;X;Nacional
;;;;11:10;11:50;DH8B;37;X;X;X;X;X;;;Nacional
;3383;MEDELLIN;PEREIRA;9:40;10:25;DH8B;37;;;;;;;X;Nacional
;;;;10:05;10:50;DH8B;37;X;X;X;X;X;;;Nacional
;3384;PEREIRA;MEDELLIN;12:40;13:20;DH8B;37;;;;;;X;;Nacional
;3385;MEDELLIN;PEREIRA;11:35;12:20;DH8B;37;;;;;;X;;Nacional
;3386;PEREIRA;MEDELLIN;16:15;16:55;DH8B;37;X;X;X;X;X;;;Nacional
;;;;16:20;17:00;DH8B;37;;;;;;;X;Nacional
;;;;16:25;17:05;DH8B;37;;;;;;X;;Nacional
;3387;MEDELLIN;PEREIRA;15:10;15:55;DH8B;37;X;X;X;X;X;;;Nacional
;;;;15:15;16:00;DH8B;37;;;;;;;X;Nacional
;;;;15:20;16:05;DH8B;37;;;;;;X;;Nacional
;3388;BUCARAMANGA;MEDELLIN;12:50;13:50;DH8B;37;;;;;;X;;Nacional
;;CUCUTA;BUCARAMANGA;11:50;12:30;DH8B;37;;;;;;X;;Nacional
;3389;BUCARAMANGA;CUCUTA;10:50;11:30;DH8B;37;;;;;;X;;Nacional
;;MEDELLIN;BUCARAMANGA;9:25;10:30;DH8B;37;;;;;;X;;Nacional
AVIANCA;8405;BOGOTA;CALI;18:41;19:46;A319;120;X;X;X;X;X;X;X;Nacional
;8406;CALI;BOGOTA;20:01;20:59;A319;120;;X;;;;;;Nacional
;;;;20:14;21:12;A320;150;X;;;;;;;Nacional
;;;;20:15;21:13;A319;120;;;;X;;;;Nacional
;;;;;;A320;150;;;X;;X;;X;Nacional
;8409;BOGOTA;CALI;11:54;12:59;A318;100;X;;X;;;X;X;Nacional
;;;;12:00;13:05;A318;100;;X;;X;X;;;Nacional
;8411;BOGOTA;CALI;17:00;18:05;A320;150;X;X;X;X;X;X;X;Nacional
;8412;CALI;BOGOTA;18:41;19:39;A318;100;X;X;;X;X;X;X;Nacional
;;;;;;A320;150;;;X;;;;;Nacional
;8413;BOGOTA;CALI;6:30;7:35;A320;150;X;X;X;X;X;;;Nacional
;8414;CALI;BOGOTA;8:07;8:59;A320;150;X;;;;;;;Nacional
;;;;8:12;9:04;A320;150;;;;X;;;;Nacional
;;;;8:18;9:10;A320;150;;;;;X;;;Nacional
;;;;8:20;9:12;A320;150;;X;;;;;;Nacional
;;;;8:21;9:13;A320;150;;;X;;;;;Nacional
;8415;BOGOTA;CALI;16:00;17:05;A320;150;X;X;X;X;X;X;X;Nacional
;8416;CALI;BOGOTA;17:48;18:46;A319;120;;;;;;;X;Nacional
;;;;;;A320;150;X;X;X;X;X;X;;Nacional
;8417;BOGOTA;CALI;22:05;23:10;A318;100;X;X;X;;;;;Nacional
;;;;;;A319;120;;;;X;;;;Nacional
;;;;22:12;23:17;A319;120;;;;;;X;X;Nacional
;;;;;;A320;150;;;;;X;;;Nacional
;8418;CALI;BOGOTA;9:30;10:22;A318;100;;;;;;X;X;Nacional
;;;;9:31;10:23;A318;100;X;X;X;X;X;;;Nacional
;8420;CALI;BOGOTA;13:35;14:27;A318;100;X;;X;;X;X;X;Nacional
;;;;13:39;14:31;A318;100;;X;;X;;;;Nacional
;8421;BOGOTA;CALI;15:03;16:08;A318;100;X;X;X;X;X;X;X;Nacional
;8422;CALI;BOGOTA;16:35;17:27;A318;100;X;X;X;X;X;X;X;Nacional
;8426;BOGOTA;RIONEGRO - ANTIOQUIA;11:53;12:50;A320;150;;;;;X;;;Nacional
;;;;12:03;13:00;A319;120;;;;;;X;;Nacional
;;;;;;A320;150;X;X;X;X;;;X;Nacional
;8427;RIONEGRO - ANTIOQUIA;BOGOTA;13:30;14:20;A320;150;;;;;;;X;Nacional
;;;;13:31;14:21;A319;120;;;;;;X;;Nacional
;;;;;;A320;150;X;;X;;X;;;Nacional
;;;;13:33;14:23;A320;150;;X;;X;;;;Nacional
;8432;BOGOTA;RIONEGRO - ANTIOQUIA;22:00;22:52;A320;150;X;;X;;X;X;;Nacional
;;;;22:08;23:00;A320;150;;X;;X;;;X;Nacional
;8433;RIONEGRO - ANTIOQUIA;BOGOTA;6:56;7:46;A320;150;X;X;;;X;;;Nacional
;;;;7:00;7:50;A318;100;;;;;;;X;Nacional
;;;;;;A320;150;;;;X;;X;;Nacional
;;;;7:01;7:51;A320;150;;;X;;;;;Nacional
;8434;BOGOTA;RIONEGRO - ANTIOQUIA;17:30;18:28;A320;150;X;X;;;X;;;Nacional
;;;;17:31;18:29;A320;150;;;X;X;;;X;Nacional
;8435;RIONEGRO - ANTIOQUIA;BOGOTA;18:59;19:49;A320;150;;;X;;;;X;Nacional
;;;;19:00;19:50;A320;150;X;X;;X;X;;;Nacional
;8436;BOGOTA;RIONEGRO - ANTIOQUIA;15:00;15:57;A318;100;;;;;;X;;Nacional
;;;;15:05;16:02;A320;150;X;X;X;X;X;;;Nacional
;8437;RIONEGRO - ANTIOQUIA;BOGOTA;16:30;17:20;A318;100;;;;;;X;;Nacional
;;;;;;A320;150;X;X;X;X;X;;;Nacional
;8447;BUCARAMANGA;BOGOTA;7:32;8:27;A318;100;;;;;;;X;Nacional
;;;;7:35;8:30;A320;150;;;;;;X;;Nacional
;;;;7:36;8:31;A320;150;X;X;X;X;X;;;Nacional
;8484;BOGOTA;SANTA MARTA;7:30;9:00;A320;150;X;X;X;X;;;;Nacional
;;;;7:31;9:01;A320;150;;;;;;X;;Nacional
;;;;7:32;9:02;A320;150;;;;;X;;X;Nacional
;8485;SANTA MARTA;BOGOTA;9:30;10:56;A320;150;X;X;X;X;X;X;X;Nacional
;8505;BOGOTA;PEREIRA;22:02;23:10;A320;150;X;X;X;X;X;X;X;Nacional
;8506;BOGOTA;MONTERIA;8:56;10:22;A318;100;X;X;X;X;X;X;X;Nacional
;8507;MONTERIA;BOGOTA;10:53;12:09;A319;120;;;X;;;;;Nacional
;;;;10:58;12:14;A318;100;;;;;;;X;Nacional
;;;;;;A319;120;X;X;;X;X;X;;Nacional
;8508;BOGOTA;MONTERIA;16:24;17:50;A319;120;;;;;;X;;Nacional
;;;;16:26;17:52;A318;100;X;X;X;X;X;;X;Nacional
;8509;MONTERIA;BOGOTA;18:18;19:34;A318;100;;;;;X;;;Nacional
;;;;;;A319;120;X;;X;X;;X;X;Nacional
;;;;18:26;19:42;A319;120;;X;;;;;;Nacional
;8510;PEREIRA;BOGOTA;7:29;8:19;A318;100;X;X;;;;;;Nacional
;;;;7:30;8:20;A318;100;;;X;X;X;X;;Nacional
;;;;7:38;8:28;A320;150;;;;;;;X;Nacional
;8511;BOGOTA;PEREIRA;9:14;10:22;A318;100;;;;;;;X;Nacional
;;;;;;A319;120;;;;;;X;;Nacional
;;;;;;A320;150;X;X;X;X;X;;;Nacional
;8512;PEREIRA;BOGOTA;11:00;11:50;A318;100;;;;;;;X;Nacional
;;;;;;A319;120;;;;;;X;;Nacional
;;;;;;A320;150;X;X;X;X;;;;Nacional
;;;;11:01;11:51;A320;150;;;;;X;;;Nacional
;8515;BOGOTA;PEREIRA;12:19;13:27;A318;100;;;;;;X;X;Nacional
;;;;;;A320;150;X;X;X;X;X;;;Nacional
;8516;PEREIRA;BOGOTA;14:00;14:50;A318;100;;;;;;X;X;Nacional
;;;;;;A320;150;X;X;X;X;X;;;Nacional
;8517;BOGOTA;PEREIRA;15:33;16:41;A319;120;X;X;X;X;X;X;;Nacional
;;;;15:38;16:46;A320;150;;;;;;;X;Nacional
;8518;PEREIRA;BOGOTA;17:09;17:59;A320;150;;;;;;X;;Nacional
;;;;17:10;18:00;A319;120;;;;X;;;X;Nacional
;;;;;;A320;150;X;X;X;;;;;Nacional
;;;;17:12;18:02;A318;100;;;;;X;;;Nacional
;8520;BOGOTA;BARRANQUILLA;10:05;11:30;A319;120;X;X;X;X;X;X;X;Nacional
;8521;BARRANQUILLA;BOGOTA;11:55;13:20;A319;120;;;;;;;X;Nacional
;;;;;;A320;150;;;;;;X;;Nacional
;;;;11:56;13:21;A319;120;X;X;X;X;X;;;Nacional
;8524;BOGOTA;BARRANQUILLA;5:50;7:25;A319;120;;;X;;;;;Nacional
;;;;5:52;7:27;A319;120;;;;X;;;;Nacional
;;;;;;A320;150;X;X;;;X;;;Nacional
;8525;BARRANQUILLA;BOGOTA;7:55;9:20;A319;120;;;X;X;X;;;Nacional
;;;;;;A320;150;X;X;;;;;;Nacional
;8528;BOGOTA;BARRANQUILLA;15:30;16:55;A318;100;;;;;;X;X;Nacional
;;;;;;A320;150;X;X;X;X;X;;;Nacional
;8529;BARRANQUILLA;BOGOTA;17:24;18:49;A318;100;;;;;;;X;Nacional
;;;;17:25;18:50;A318;100;;;;;;X;;Nacional
;;;;;;A320;150;X;X;X;X;X;;;Nacional
;8530;BOGOTA;BARRANQUILLA;22:07;23:37;A318;100;;X;;X;;;;Nacional
;;;;;;A320;150;;;;;;X;;Nacional
;;;;22:12;23:42;A318;100;X;;X;;;;;Nacional
;;;;22:13;23:43;A318;100;;;;;X;;X;Nacional
;8531;BARRANQUILLA;BOGOTA;19:55;21:20;A320;150;X;X;X;X;X;X;X;Nacional
;8532;BOGOTA;BARRANQUILLA;17:58;19:23;A320;150;X;X;X;X;X;X;X;Nacional
;8533;BARRANQUILLA;BOGOTA;6:55;8:20;A318;100;X;X;;;;;;Nacional
;;;;6:56;8:21;A318;100;;;;;;;X;Nacional
;;;;6:58;8:23;A318;100;;;X;X;X;X;;Nacional
;8538;PEREIRA;BOGOTA;5:57;6:47;A320;150;;X;;;X;X;;Nacional
;;;;6:00;6:50;A320;150;X;;;;;;;Nacional
;;;;6:11;7:01;A320;150;;;X;;;;;Nacional
;;;;6:12;7:02;A320;150;;;;X;;;;Nacional
;8539;BOGOTA;PEREIRA;5:59;7:07;A318;100;X;X;X;X;X;X;;Nacional
;8548;BOGOTA;CARTAGENA;18:05;19:30;A320;150;;;;;X;;;Nacional
;;;;18:07;19:32;A320;150;X;X;X;X;;X;X;Nacional
;8549;CARTAGENA;BOGOTA;20:02;21:22;A320;150;X;X;X;X;X;X;X;Nacional
;8550;BOGOTA;CARTAGENA;19:21;20:46;A320;150;;;X;X;;;;Nacional
;;;;19:30;20:55;A320;150;X;X;;;X;;;Nacional
;;;;19:38;21:03;A320;150;;;;;;X;X;Nacional
;8551;CARTAGENA;BOGOTA;21:30;22:50;A318;100;X;X;X;X;X;;X;Nacional
;;;;;;A319;120;;;;;;X;;Nacional
;8552;BOGOTA;CARTAGENA;20:30;21:55;A320;150;X;X;X;X;X;X;X;Nacional
;8553;CARTAGENA;BOGOTA;22:25;23:45;A320;150;X;X;X;X;X;X;X;Nacional
;8556;BOGOTA;CARTAGENA;8:06;9:31;A320;150;X;X;X;X;X;;;Nacional
;8557;CARTAGENA;BOGOTA;10:10;11:30;A320;150;X;X;X;X;;;;Nacional
;;;;10:16;11:36;A320;150;;;;;X;;;Nacional
;8568;BOGOTA;BUCARAMANGA;18:30;19:30;A318;100;;;X;X;;;;Nacional
;;;;18:31;19:31;A318;100;X;X;;;X;X;X;Nacional
;8569;BUCARAMANGA;BOGOTA;20:00;20:55;A318;100;X;X;X;X;X;;X;Nacional
;8572;BOGOTA;BUCARAMANGA;6:05;7:05;A320;150;X;X;X;X;X;X;;Nacional
;8576;BOGOTA;VALLEDUPAR;17:56;19:23;A318;100;X;X;X;X;X;X;X;Nacional
;8577;VALLEDUPAR;BOGOTA;19:52;21:12;A318;100;;;;X;X;;;Nacional
;;;;19:53;21:13;A318;100;;;;;;X;;Nacional
;;;;19:54;21:14;A318;100;X;X;X;;;;X;Nacional
;8578;BOGOTA;BUCARAMANGA;12:30;13:30;A318;100;;;;;;X;;Nacional
;;;;;;A319;120;;;;;;;X;Nacional
;;;;;;A320;150;X;;X;;;;;Nacional
;;;;12:37;13:37;A320;150;;X;;X;X;;;Nacional
;8579;BUCARAMANGA;BOGOTA;14:00;14:55;A318;100;;;;;;X;;Nacional
;;;;;;A319;120;;;;;;;X;Nacional
;;;;;;A320;150;X;X;X;X;X;;;Nacional
;8580;BOGOTA;BARRANCABERMEJA;15:26;16:26;F50;52;X;X;X;X;X;X;X;Nacional
;8581;BARRANCABERMEJA;BOGOTA;16:51;17:53;F50;52;X;X;X;X;X;X;X;Nacional
;8583;BOGOTA;PASTO;8:16;9:41;A318;100;X;X;X;X;X;X;X;Nacional
;8584;PASTO;BOGOTA;10:18;11:33;A318;100;X;X;X;X;X;X;X;Nacional
;8586;BOGOTA;BARRANCABERMEJA;5:57;7:08;F50;52;X;X;X;X;X;X;;Nacional
;8587;BARRANCABERMEJA;BOGOTA;7:36;8:31;F50;52;;;;;;X;;Nacional
;;;;7:38;8:33;F50;52;X;X;X;X;X;;;Nacional
;8590;BOGOTA;RIOHACHA;10:30;12:05;A320;150;X;X;X;X;X;;;Nacional
;;;;10:31;12:06;A318;100;;;;;;X;X;Nacional
;8591;RIOHACHA;BOGOTA;12:35;14:05;A320;150;;X;;;;;;Nacional
;;;;12:36;14:06;A318;100;;;;;;X;X;Nacional
;;;;;;A320;150;X;;X;;X;;;Nacional
;;;;12:38;14:08;A320;150;;;;X;;;;Nacional
;8594;BOGOTA;VALLEDUPAR;8:46;10:13;A318;100;;;X;X;X;X;;Nacional
;;;;8:55;10:22;A318;100;;X;;;;;X;Nacional
;;;;9:01;10:28;A318;100;X;;;;;;;Nacional
;8595;VALLEDUPAR;BOGOTA;10:50;12:10;A318;100;;;;;X;X;X;Nacional
;;;;11:03;12:23;A318;100;X;X;X;X;;;;Nacional
;8597;BOGOTA;PASTO;14:15;15:40;A318;100;;;;X;;;;Nacional
;;;;14:17;15:42;A318;100;X;X;X;;X;X;X;Nacional
;8598;PASTO;BOGOTA;16:09;17:24;A318;100;;;;;;;X;Nacional
;;;;16:11;17:26;A318;100;X;X;X;X;X;;;Nacional
;;;;16:13;17:28;A318;100;;;;;;X;;Nacional
;9200;CALI;BOGOTA;6:01;6:53;A318;100;X;X;X;X;X;;;Nacional
;;;;;;A320;150;;;;;;X;X;Nacional
;9201;BOGOTA;CALI;5:53;6:58;A320;150;X;X;X;X;X;X;;Nacional
;9202;CALI;BOGOTA;7:15;8:07;A320;150;X;X;X;X;X;X;X;Nacional
;9203;BOGOTA;CALI;6:56;8:01;A320;150;X;X;X;X;X;X;X;Nacional
;9204;CALI;BOGOTA;8:30;9:22;A320;150;;X;X;X;X;;;Nacional
;;;;8:31;9:23;A320;150;X;;;;;X;X;Nacional
;9205;BOGOTA;CALI;13:59;15:04;A320;150;X;X;;X;;X;X;Nacional
;;;;14:00;15:05;A320;150;;;X;;;;;Nacional
;;;;14:01;15:06;A319;120;;;;;X;;;Nacional
;9206;CALI;BOGOTA;15:35;16:27;A320;150;;;;;;X;;Nacional
;;;;15:39;16:31;A320;150;X;X;X;X;X;;X;Nacional
;9207;BOGOTA;CALI;9:02;10:07;A320;150;X;X;X;X;X;;X;Nacional
;;;;9:03;10:08;A319;120;;;;;;X;;Nacional
;9208;CALI;BOGOTA;10:37;11:29;A319;120;;;;;;X;;Nacional
;;;;;;A320;150;X;X;X;X;X;;X;Nacional
;9209;BOGOTA;CALI;10:02;11:07;A320;150;;;;X;;;;Nacional
;;;;10:04;11:09;A320;150;X;X;X;;X;X;X;Nacional
;9210;CALI;BOGOTA;11:36;12:28;A320;150;;X;;;;;;Nacional
;;;;11:39;12:31;A320;150;X;;;;;X;X;Nacional
;;;;11:40;12:32;A320;150;;;X;X;;;;Nacional
;;;;11:41;12:33;A320;150;;;;;X;;;Nacional
;9211;BOGOTA;CALI;10:55;12:00;A320;150;X;X;X;X;X;X;X;Nacional
;9212;CALI;BOGOTA;12:26;13:18;A319;120;X;;;;X;;;Nacional
;;;;;;A320;150;;X;X;X;;X;X;Nacional
;9219;BOGOTA;CALI;20:31;21:36;A318;100;X;X;X;X;X;;X;Nacional
;;;;;;A320;150;;;;;;X;;Nacional
;9220;CALI;BOGOTA;7:00;7:52;A319;120;;;;;;;X;Nacional
;;;;;;A320;150;;;X;;X;;;Nacional
;;;;7:02;7:54;A319;120;;;;;;X;;Nacional
;;;;;;A320;150;X;X;;X;;;;Nacional
;9221;BOGOTA;CALI;12:54;13:59;A320;150;X;X;X;X;X;X;X;Nacional
;9222;CALI;BOGOTA;14:25;15:17;A320;150;X;;;;X;X;;Nacional
;;;;14:26;15:18;A320;150;;X;X;X;;;X;Nacional
;9223;BOGOTA;CALI;19:56;21:01;A320;150;X;X;X;X;X;X;X;Nacional
;9224;CALI;BOGOTA;21:35;22:33;A320;150;X;X;X;X;X;X;X;Nacional
;9226;CALI;BOGOTA;19:35;20:33;A320;150;X;X;X;X;X;;;Nacional
;;;;19:36;20:34;A318;100;;;;;;X;X;Nacional
;9227;BOGOTA;CALI;17:54;18:59;A320;150;;X;;;;;;Nacional
;;;;17:57;19:02;A320;150;X;;X;X;X;;;Nacional
;;;;18:08;19:13;A318;100;;;;;;X;X;Nacional
;9228;CALI;BOGOTA;7:44;8:36;A318;100;X;X;;X;X;;;Nacional
;;;;;;A319;120;;;X;;;;X;Nacional
;;;;7:50;8:42;A320;150;;;;;;X;;Nacional
;9231;BOGOTA;CALI;8:02;9:07;A319;120;X;X;X;X;X;;;Nacional
;;;;;;A320;150;;;;;;X;X;Nacional
;9233;BOGOTA;CALI;19:04;20:09;A318;100;X;X;X;X;X;;;Nacional
;;;;;;A319;120;;;;;;X;X;Nacional
;9234;CALI;BOGOTA;20:33;21:31;A318;100;;X;;;;;;Nacional
;;;;20:34;21:27;A320;150;;;;;;;X;Nacional
;;;;;21:32;A320;150;X;;X;X;X;X;;Nacional
;9236;CALI;BOGOTA;6:27;7:19;A320;150;X;X;X;X;X;X;X;Nacional
;9237;BOGOTA;CALI;22:29;23:29;F50;52;X;X;;;X;;X;Nacional
;;;;22:30;23:30;F50;52;;;;X;;;;Nacional
;9238;CALI;BOGOTA;21:03;22:03;F50;52;;;;;;;X;Nacional
;;;;21:04;22:04;F50;52;X;X;;X;X;;;Nacional
;9239;BOGOTA;CALI;7:37;8:42;A318;100;X;X;X;X;X;X;X;Nacional
;9240;CALI;BOGOTA;22:15;23:13;A318;100;X;X;X;X;X;;;Nacional
;;;;22:16;23:14;A318;100;;;;;;X;X;Nacional
;9241;BOGOTA;POPAYAN;6:03;7:38;F50;52;X;X;;X;;;;Nacional
;;;;6:09;7:44;F50;52;;;X;;X;;;Nacional
;9242;POPAYAN;BOGOTA;7:59;9:19;F50;52;X;X;X;X;X;;;Nacional
;9245;BOGOTA;POPAYAN;11:43;13:18;F50;52;;;;;X;X;X;Nacional
;;;;11:46;13:21;F50;52;X;X;X;X;;;;Nacional
;9246;POPAYAN;BOGOTA;13:42;15:02;F50;52;X;X;X;X;X;X;X;Nacional
;9247;BOGOTA;POPAYAN;16:03;17:38;F50;52;;;;;;X;X;Nacional
;9250;FLORENCIA;BOGOTA;16:31;18:01;F50;52;X;X;X;X;X;X;X;Nacional
;9251;BOGOTA;FLORENCIA;14:39;16:04;F50;52;X;X;X;X;X;X;X;Nacional
;9257;BOGOTA;NEIVA;19:48;20:50;F50;52;;;;;;X;X;Nacional
;;;;20:29;21:31;F50;52;X;X;X;X;X;;;Nacional
;9258;NEIVA;BOGOTA;6:01;6:59;F50;52;X;X;;;X;;;Nacional
;;;;6:10;7:08;F50;52;;;X;X;;;;Nacional
;;;;7:05;8:03;F50;52;;;;;;X;;Nacional
;;;;9:23;10:21;F50;52;;;;;;;X;Nacional
;9271;BOGOTA;NEIVA;18:13;19:15;F50;52;X;X;X;X;X;X;X;Nacional
;9272;NEIVA;BOGOTA;19:41;20:41;F50;52;X;X;X;X;X;X;X;Nacional
;9273;BOGOTA;NEIVA;13:31;14:29;F50;52;X;X;X;X;X;X;X;Nacional
;9274;NEIVA;BOGOTA;14:48;15:48;F50;52;X;;X;;;;;Nacional
;;;;14:52;15:52;F50;52;;X;;X;X;X;X;Nacional
;9275;BOGOTA;NEIVA;18:09;19:11;F50;52;;;;;;X;X;Nacional
;;;;19:06;20:08;F50;52;X;X;X;X;X;;;Nacional
;9276;NEIVA;BOGOTA;19:28;20:28;F50;52;;;;;;X;X;Nacional
;;;;20:30;21:30;F50;52;X;X;X;X;X;;;Nacional
;9277;BOGOTA;IBAGUE;5:58;6:44;F50;52;X;X;X;X;X;X;X;Nacional
;9278;IBAGUE;BOGOTA;7:01;7:41;F50;52;X;X;X;X;X;X;X;Nacional
;9279;BOGOTA;IBAGUE;13:13;13:59;F50;52;X;X;X;X;X;X;X;Nacional
;9280;IBAGUE;BOGOTA;14:16;14:56;F50;52;X;X;X;X;X;X;;Nacional
;;;;14:20;15:00;F50;52;;;;;;;X;Nacional
;9281;BOGOTA;IBAGUE;9:37;10:23;F50;52;X;X;X;X;X;X;;Nacional
;9282;IBAGUE;BOGOTA;10:54;11:34;F50;52;X;X;X;X;X;X;;Nacional
;9283;BOGOTA;IBAGUE;15:56;16:42;F50;52;;;;;;X;X;Nacional
;;;;17:32;18:18;F50;52;X;X;X;X;X;;;Nacional
;9284;IBAGUE;BOGOTA;17:06;17:46;F50;52;;;;;;X;X;Nacional
;;;;18:37;19:17;F50;52;X;X;X;X;X;;;Nacional
;9291;BOGOTA;NEIVA;7:21;8:27;F50;52;X;X;X;X;X;;;Nacional
;9292;NEIVA;BOGOTA;8:48;9:46;F50;52;;;;X;;;;Nacional
;;;;8:50;9:48;F50;52;X;X;X;;X;;;Nacional
;9293;BOGOTA;NEIVA;10:54;12:02;F50;52;X;X;X;X;X;X;X;Nacional
;9294;NEIVA;BOGOTA;12:25;13:23;F50;52;;;;;;X;X;Nacional
;;;;12:29;13:27;F50;52;X;X;X;X;X;;;Nacional
;9295;BOGOTA;NEIVA;14:33;15:31;F50;52;X;X;X;X;X;;;Nacional
;9296;NEIVA;BOGOTA;15:54;16:54;F50;52;X;X;X;X;X;;;Nacional
;9300;BOGOTA;RIONEGRO - ANTIOQUIA;21:42;22:34;A319;120;;;;;;;X;Nacional
;;;;21:49;22:41;A319;120;X;X;X;X;X;;;Nacional
;;;;;;A320;150;;;;;;X;;Nacional
;9301;RIONEGRO - ANTIOQUIA;BOGOTA;5:58;6:48;A320;150;X;X;X;X;X;;X;Nacional
;9302;BOGOTA;RIONEGRO - ANTIOQUIA;5:49;6:47;A320;150;;X;;X;;;;Nacional
;;;;5:51;6:49;A320;150;X;;X;;X;;;Nacional
;9303;RIONEGRO - ANTIOQUIA;BOGOTA;6:23;7:13;A319;120;X;X;;X;;;;Nacional
;;;;6:26;7:16;A320;150;;;;;;X;;Nacional
;;;;6:30;7:20;A319;120;;;X;;X;;;Nacional
;;;;6:31;7:21;A320;150;;;;;;;X;Nacional
;9304;BOGOTA;RIONEGRO - ANTIOQUIA;7:03;8:01;A320;150;X;X;X;X;X;X;X;Nacional
;9305;RIONEGRO - ANTIOQUIA;BOGOTA;7:09;7:59;A320;150;;;X;X;;;;Nacional
;;;;7:20;8:10;A320;150;;;;;X;;;Nacional
;;;;7:21;8:11;A320;150;X;X;;;;;;Nacional
;9307;RIONEGRO - ANTIOQUIA;BOGOTA;8:35;9:25;A320;150;X;X;X;X;X;X;;Nacional
;9308;BOGOTA;RIONEGRO - ANTIOQUIA;13:04;14:01;A320;150;X;X;X;X;X;;;Nacional
;9309;RIONEGRO - ANTIOQUIA;BOGOTA;14:31;15:21;A320;150;X;X;X;X;X;;;Nacional
;9310;BOGOTA;RIONEGRO - ANTIOQUIA;9:00;9:58;A320;150;X;X;X;X;X;X;X;Nacional
;9311;RIONEGRO - ANTIOQUIA;BOGOTA;10:30;11:20;A320;150;X;X;X;X;X;X;;Nacional
;;;;10:35;11:25;A320;150;;;;;;;X;Nacional
;9312;BOGOTA;RIONEGRO - ANTIOQUIA;10:59;11:56;A318;100;X;X;X;X;X;X;;Nacional
;;;;11:05;12:02;A320;150;;;;;;;X;Nacional
;9313;RIONEGRO - ANTIOQUIA;BOGOTA;12:29;13:19;A318;100;X;X;X;X;X;X;;Nacional
;;;;;;A320;150;;;;;;;X;Nacional
;9314;BOGOTA;RIONEGRO - ANTIOQUIA;15:53;16:50;A319;120;;;;;;X;X;Nacional
;;;;;;A320;150;X;X;X;X;X;;;Nacional
;9315;RIONEGRO - ANTIOQUIA;BOGOTA;17:35;18:25;A319;120;;;;;;X;X;Nacional
;;;;;;A320;150;X;X;X;X;X;;;Nacional
;9316;BOGOTA;RIONEGRO - ANTIOQUIA;13:53;14:50;A320;150;;;X;X;X;X;X;Nacional
;;;;13:54;14:51;A320;150;X;X;;;;;;Nacional
;9317;RIONEGRO - ANTIOQUIA;BOGOTA;15:30;16:20;A320;150;;;X;X;;;;Nacional
;;;;15:32;16:22;A320;150;X;X;;;X;X;X;Nacional
;9318;BOGOTA;RIONEGRO - ANTIOQUIA;15:29;16:26;A318;100;X;X;X;X;X;X;X;Nacional
;9319;RIONEGRO - ANTIOQUIA;BOGOTA;10:58;11:48;A318;100;X;;X;X;X;;;Nacional
;;;;10:59;11:49;A318;100;;;;;;X;X;Nacional
;;;;11:03;11:53;A318;100;;X;;;;;;Nacional
;9322;BOGOTA;RIONEGRO - ANTIOQUIA;6:33;7:31;A320;150;X;X;X;X;X;;;Nacional
;9323;RIONEGRO - ANTIOQUIA;BOGOTA;7:56;8:46;A320;150;;X;;;;;;Nacional
;;;;8:00;8:50;A320;150;X;;X;X;X;;;Nacional
;9324;BOGOTA;RIONEGRO - ANTIOQUIA;7:59;8:57;A320;150;X;;;;;;;Nacional
;;;;8:00;8:58;A319;120;;X;X;X;X;;;Nacional
;;;;;;A320;150;;;;;;X;;Nacional
;9326;BOGOTA;RIONEGRO - ANTIOQUIA;19:10;20:08;A320;150;;;X;X;X;;X;Nacional
;;;;19:23;20:21;A320;150;X;X;;;;X;;Nacional
;9327;RIONEGRO - ANTIOQUIA;BOGOTA;20:34;21:24;A318;100;X;X;X;X;;;;Nacional
;;;;;;A319;120;;;;;;;X;Nacional
;;;;;;A320;150;;;;;X;X;;Nacional
;9328;BOGOTA;RIONEGRO - ANTIOQUIA;20:17;21:09;A320;150;X;X;X;X;X;X;X;Nacional
;9329;RIONEGRO - ANTIOQUIA;BOGOTA;21:41;22:31;A320;150;X;X;X;X;X;X;X;Nacional
;9330;BOGOTA;RIONEGRO - ANTIOQUIA;16:41;17:38;A320;150;X;X;X;X;X;X;X;Nacional
;9331;RIONEGRO - ANTIOQUIA;BOGOTA;18:13;19:03;A318;100;;;;;X;;;Nacional
;;;;;;A320;150;X;X;X;X;;;X;Nacional
;;;;18:15;19:05;A320;150;;;;;;X;;Nacional
;9332;BOGOTA;RIONEGRO - ANTIOQUIA;20:32;21:24;A320;150;X;X;X;X;X;;X;Nacional
;9333;RIONEGRO - ANTIOQUIA;BOGOTA;19:03;19:53;A320;150;;;;;X;;X;Nacional
;;;;19:14;20:04;A320;150;;X;;X;;;;Nacional
;;;;19:15;20:05;A319;120;X;;X;;;;;Nacional
;9334;BOGOTA;RIONEGRO - ANTIOQUIA;20:59;21:51;A320;150;;;;;;;X;Nacional
;;;;21:00;21:52;A320;150;X;X;;X;X;X;;Nacional
;;;;21:03;21:55;A320;150;;;X;;;;;Nacional
;9335;RIONEGRO - ANTIOQUIA;BOGOTA;6:45;7:35;A320;150;;X;;;X;;;Nacional
;;;;6:46;7:36;A320;150;X;;X;X;;X;;Nacional
;;;;6:49;7:39;A320;150;;;;;;;X;Nacional
;9336;BOGOTA;RIONEGRO - ANTIOQUIA;18:03;19:01;A319;120;;;;;;X;;Nacional
;;;;18:06;19:04;A319;120;;;;;;;X;Nacional
;;;;;;A320;150;X;X;X;X;X;;;Nacional
;9337;RIONEGRO - ANTIOQUIA;BOGOTA;19:34;20:24;A319;120;;;;;;;X;Nacional
;;;;19:37;20:27;A319;120;;;;;;X;;Nacional
;;;;;;A320;150;X;X;X;X;X;;;Nacional
;9338;BOGOTA;RIONEGRO - ANTIOQUIA;10:06;11:03;A320;150;X;X;X;X;X;X;;Nacional
;9339;RIONEGRO - ANTIOQUIA;BOGOTA;11:30;12:20;A320;150;X;;X;;X;X;;Nacional
;;;;11:31;12:21;A320;150;;X;;X;;;;Nacional
;9340;BOGOTA;RIONEGRO - ANTIOQUIA;6:45;7:43;A318;100;X;X;X;X;X;;;Nacional
;;;;;;A320;150;;;;;;X;;Nacional
;9341;RIONEGRO - ANTIOQUIA;BOGOTA;8:01;8:51;A318;100;;;X;X;X;;;Nacional
;;;;8:17;9:07;A318;100;;X;;;;;;Nacional
;;;;8:19;9:09;A318;100;X;;;;;X;;Nacional
;9342;BOGOTA;RIONEGRO - ANTIOQUIA;18:33;19:31;A320;150;X;X;X;X;X;X;X;Nacional
;9343;RIONEGRO - ANTIOQUIA;BOGOTA;20:00;20:50;A320;150;X;X;X;X;X;X;X;Nacional
;9346;BOGOTA;RIONEGRO - ANTIOQUIA;21:15;22:07;A318;100;X;X;X;X;;X;X;Nacional
;9348;BOGOTA;RIONEGRO - ANTIOQUIA;15:01;15:58;A320;150;;;;;;;X;Nacional
;9349;RIONEGRO - ANTIOQUIA;BOGOTA;16:30;17:20;A320;150;;;;;;;X;Nacional
;9362;RIONEGRO - ANTIOQUIA;SANTA MARTA;12:10;13:25;A318;100;X;X;X;X;X;X;X;Nacional
;9363;SANTA MARTA;RIONEGRO - ANTIOQUIA;13:55;15:10;A318;100;X;X;X;X;X;X;X;Nacional
;9368;RIONEGRO - ANTIOQUIA;BARRANQUILLA;17:00;18:10;A318;100;X;X;X;X;X;X;X;Nacional
;9369;BARRANQUILLA;RIONEGRO - ANTIOQUIA;18:40;19:50;A318;100;X;X;X;X;X;X;X;Nacional
;;RIONEGRO - ANTIOQUIA;CALI;20:20;21:16;A318;100;X;X;X;X;X;X;X;Nacional
;9401;BOGOTA;PASTO;11:34;12:59;A318;100;;;;;;;X;Nacional
;;;;11:37;13:02;A318;100;X;X;X;X;X;X;;Nacional
;9402;PASTO;BOGOTA;13:26;14:41;A318;100;X;X;X;X;X;X;;Nacional
;;;;13:32;14:47;A318;100;;;;;;;X;Nacional
;9403;CALI;PASTO;9:00;9:57;F50;52;X;X;X;X;X;X;X;Nacional
;9404;PASTO;CALI;10:12;11:04;F50;52;X;X;X;X;X;X;X;Nacional
;9410;BOGOTA;VALLEDUPAR;12:21;13:48;A319;120;X;;;;;;;Nacional
;;;;12:24;13:51;A318;100;;X;X;X;X;;X;Nacional
;;;;;;A319;120;;;;;;X;;Nacional
;9411;VALLEDUPAR;BOGOTA;14:14;15:34;A318;100;X;;X;;X;;X;Nacional
;;;;14:18;15:38;A318;100;;X;;X;;X;;Nacional
;9419;CALI;TUMACO;6:05;7:15;F50;52;X;X;X;X;X;X;X;Nacional
;9420;TUMACO;CALI;7:40;8:45;F50;52;X;X;X;X;X;X;X;Nacional
;9421;CALI;TUMACO;14:35;15:45;F50;52;X;X;X;X;X;X;X;Nacional
;9422;TUMACO;CALI;16:10;17:15;F50;52;X;X;X;X;X;X;X;Nacional
;9426;BOGOTA;MONTERIA;12:42;14:08;A318;100;X;X;X;X;X;X;X;Nacional
;9427;MONTERIA;BOGOTA;14:40;15:56;A318;100;;;X;;X;;;Nacional
;;;;14:43;15:59;A318;100;X;;;;;;X;Nacional
;;;;;;A319;120;;X;;X;;X;;Nacional
;9430;RIONEGRO - ANTIOQUIA;CALI;13:05;14:15;F50;52;X;X;X;X;X;X;X;Nacional
;9431;CALI;RIONEGRO - ANTIOQUIA;11:35;12:38;F50;52;X;X;X;X;X;X;X;Nacional
;9434;RIONEGRO - ANTIOQUIA;CALI;6:00;6:56;A318;100;X;X;X;X;X;X;X;Nacional
;9436;RIONEGRO - ANTIOQUIA;CALI;19:00;20:06;F50;52;;;X;;;X;X;Nacional
;;;;19:02;20:08;F50;52;X;X;;X;X;;;Nacional
;9437;CALI;RIONEGRO - ANTIOQUIA;17:40;18:43;F50;52;X;X;X;X;X;X;X;Nacional
;9442;BOGOTA;CUCUTA;21:36;22:46;A318;100;;;;;;X;X;Nacional
;;;;21:39;22:49;A318;100;X;X;X;X;X;;;Nacional
;9443;CUCUTA;BOGOTA;6:02;7:07;A318;100;X;X;X;X;X;X;X;Nacional
;9444;BOGOTA;CUCUTA;13:52;15:02;A318;100;X;X;X;X;X;;;Nacional
;;;;14:09;15:19;A318;100;;;;;;X;X;Nacional
;9445;CUCUTA;BOGOTA;15:40;16:45;A318;100;X;X;X;X;X;;;Nacional
;;;;15:43;16:48;A318;100;;;;;;X;X;Nacional
;9446;BOGOTA;CUCUTA;10:00;11:10;A320;150;;;;;;X;;Nacional
;;;;10:03;11:13;A320;150;;;;;;;X;Nacional
;9447;CUCUTA;BOGOTA;11:40;12:45;A320;150;;;;;;X;;Nacional
;;;;11:42;12:47;A320;150;;;;;;;X;Nacional
;9450;BOGOTA;CUCUTA;6:04;7:14;A318;100;X;;X;;X;;;Nacional
;;;;6:05;7:15;A319;120;;;;;;;X;Nacional
;;;;6:08;7:18;A318;100;;X;;X;;;;Nacional
;;;;6:09;7:19;A318;100;;;;;;X;;Nacional
;9451;CUCUTA;BOGOTA;7:45;8:50;A319;120;;;;;;;X;Nacional
;;;;;;A320;150;;;;;;X;;Nacional
;;;;7:46;8:51;A318;100;X;;;;;;;Nacional
;;;;7:47;8:52;A320;150;;X;X;X;X;;;Nacional
;9452;BOGOTA;CUCUTA;17:32;18:42;A318;100;;;;;;X;X;Nacional
;;;;17:34;18:44;A318;100;X;X;X;X;X;;;Nacional
;9453;CUCUTA;BOGOTA;19:09;20:14;A318;100;;;;;;X;X;Nacional
;;;;19:10;20:15;A318;100;;X;;;;;;Nacional
;;;;19:18;20:23;A318;100;X;;X;X;X;;;Nacional
;9454;BOGOTA;CUCUTA;9:05;10:15;A320;150;;;;;;;X;Nacional
;;;;9:16;10:26;A320;150;X;X;X;X;X;X;;Nacional
;9455;CUCUTA;BOGOTA;10:50;11:55;A320;150;X;X;X;X;;;;Nacional
;;;;10:52;11:57;A320;150;;;;;X;X;X;Nacional
;9458;BOGOTA;CUCUTA;19:08;20:18;A318;100;;;;;;X;X;Nacional
;;;;;;A320;150;X;X;X;X;X;;;Nacional
;9459;CUCUTA;BOGOTA;20:50;21:55;A318;100;;;;;;;X;Nacional
;;;;;;A320;150;X;X;X;;;;;Nacional
;;;;20:52;21:57;A318;100;;;;;;X;;Nacional
;;;;;;A320;150;;;;X;X;;;Nacional
;9460;BOGOTA;BUCARAMANGA;7:27;8:27;A318;100;;;;;;;X;Nacional
;;;;;;A320;150;X;X;X;X;X;X;;Nacional
;9461;BUCARAMANGA;BOGOTA;9:02;9:57;A320;150;;;;;;X;;Nacional
;;;;9:05;10:00;A320;150;X;X;X;X;X;;;Nacional
;;;;9:07;10:02;A318;100;;;;;;;X;Nacional
;9466;BOGOTA;BUCARAMANGA;19:22;20:22;A319;120;X;X;X;X;X;X;X;Nacional
;9467;BUCARAMANGA;BOGOTA;20:50;21:45;A319;120;X;;;;;;;Nacional
;;;;20:53;21:48;A319;120;;X;X;X;X;;X;Nacional
;;;;20:58;21:53;A319;120;;;;;;X;;Nacional
;9468;BOGOTA;BUCARAMANGA;10:30;11:30;A318;100;;;;;;;X;Nacional
;;;;10:31;11:31;A318;100;X;X;X;X;X;;;Nacional
;;;;10:32;11:32;A318;100;;;;;;X;;Nacional
;9469;BUCARAMANGA;BOGOTA;12:01;12:56;A318;100;;;;;;X;;Nacional
;;;;12:03;12:58;A318;100;X;X;X;X;X;;X;Nacional
;9470;BOGOTA;BUCARAMANGA;22:03;23:03;A320;150;X;X;X;;X;;;Nacional
;;;;22:09;23:09;A320;150;;;;X;;;;Nacional
;;;;22:11;23:11;A320;150;;;;;;;X;Nacional
;9471;BUCARAMANGA;BOGOTA;6:00;6:55;A320;150;;;;X;;;;Nacional
;;;;6:07;7:02;A320;150;X;X;X;;X;X;;Nacional
;9472;BOGOTA;BUCARAMANGA;9:08;10:08;A318;100;;X;X;X;X;;;Nacional
;;;;9:12;10:12;A318;100;;;;;;X;;Nacional
;;;;;;A319;120;;;;;;;X;Nacional
;;;;;;A320;150;X;;;;;;;Nacional
;9473;BUCARAMANGA;BOGOTA;10:44;11:39;A318;100;;;;;X;;;Nacional
;;;;10:45;11:40;A318;100;;;;;;X;;Nacional
;;;;;;A319;120;;;;;;;X;Nacional
;;;;;;A320;150;X;X;X;X;;;;Nacional
;9474;BOGOTA;BUCARAMANGA;20:46;21:46;A320;150;;;;;;X;X;Nacional
;;;;20:47;21:47;A320;150;X;X;X;X;X;;;Nacional
;9475;BUCARAMANGA;BOGOTA;6:21;7:16;A320;150;;;X;X;;;X;Nacional
;;;;6:33;7:28;A320;150;X;X;;;X;X;;Nacional
;9476;BOGOTA;BUCARAMANGA;14:57;15:57;A320;150;X;X;X;X;X;X;;Nacional
;;;;15:09;16:09;A318;100;;;;;;;X;Nacional
;9477;BUCARAMANGA;BOGOTA;16:27;17:22;A319;120;;;;;;X;;Nacional
;;;;;;A320;150;X;X;X;X;X;;;Nacional
;;;;16:41;17:36;A318;100;;;;;;;X;Nacional
;9480;BOGOTA;BUCARAMANGA;17:11;18:11;A320;150;;X;;;;;;Nacional
;;;;17:12;18:12;A318;100;;;;;;;X;Nacional
;;;;;;A320;150;X;;X;X;X;X;;Nacional
;9481;BUCARAMANGA;BOGOTA;18:38;19:33;A318;100;;;;;;;X;Nacional
;;;;;;A319;120;X;X;X;X;X;;;Nacional
;;;;;;A320;150;;;;;;X;;Nacional
;9482;CALI;RIONEGRO - ANTIOQUIA;6:02;6:52;A318;100;X;X;X;X;X;X;X;Nacional
;;RIONEGRO - ANTIOQUIA;BARRANQUILLA;7:20;8:30;A318;100;X;X;X;X;;X;X;Nacional
;;;;7:21;8:31;A318;100;;;;;X;;;Nacional
;9483;BARRANQUILLA;RIONEGRO - ANTIOQUIA;9:00;10:10;A318;100;X;X;X;X;X;X;X;Nacional
;9486;BOGOTA;BARRANCABERMEJA;8:38;9:41;F50;52;;;X;X;X;;;Nacional
;;;;8:51;9:54;F50;52;;X;;;;;;Nacional
;;;;8:52;9:55;F50;52;X;;;;;;;Nacional
;9487;BARRANCABERMEJA;BOGOTA;10:18;11:13;F50;52;X;X;X;X;X;;;Nacional
;9488;BOGOTA;BARRANCABERMEJA;11:51;12:54;F50;52;X;X;X;X;;;;Nacional
;;;;11:52;12:55;F50;52;;;;;X;;;Nacional
;;;;11:53;12:56;F50;52;;;;;;X;;Nacional
;9489;BARRANCABERMEJA;BOGOTA;13:19;14:24;F50;52;X;X;X;X;X;X;;Nacional
;9492;BOGOTA;BARRANCABERMEJA;8:00;9:03;F50;52;;;;;;;X;Nacional
;;;;8:04;9:07;F50;52;X;X;X;X;X;;;Nacional
;;;;8:06;9:09;F50;52;;;;;;X;;Nacional
;9493;BARRANCABERMEJA;BOGOTA;9:34;10:29;F50;52;;X;X;;X;;;Nacional
;;;;9:43;10:38;F50;52;;;;;;X;;Nacional
;;;;9:46;10:41;F50;52;X;;;X;;;;Nacional
;;;;9:48;10:43;F50;52;;;;;;;X;Nacional
;9494;BOGOTA;BARRANCABERMEJA;11:38;12:41;F50;52;X;X;X;X;X;X;X;Nacional
;9495;BARRANCABERMEJA;BOGOTA;13:05;14:10;F50;52;;X;;X;;X;X;Nacional
;;;;13:08;14:13;F50;52;X;;X;;X;;;Nacional
;9510;RIONEGRO - ANTIOQUIA;CARTAGENA;15:40;16:50;A318;100;X;X;X;X;X;X;X;Nacional
;9511;CARTAGENA;RIONEGRO - ANTIOQUIA;17:20;18:30;A318;100;X;X;X;X;X;X;X;Nacional
;9521;BARRANQUILLA;BOGOTA;6:06;7:31;A318;100;;X;;X;;;;Nacional
;;;;6:09;7:34;A318;100;X;;X;;X;;;Nacional
;;;;6:14;7:39;A318;100;;;;;;X;;Nacional
;9522;BOGOTA;BARRANQUILLA;7:38;9:13;A318;100;X;X;X;X;X;;;Nacional
;;;;;;A320;150;;;;;;X;X;Nacional
;9527;BARRANQUILLA;BOGOTA;17:54;19:19;A320;150;X;X;X;X;X;X;X;Nacional
;9528;BOGOTA;BARRANQUILLA;13:34;14:59;A319;120;;;;;;X;;Nacional
;;;;13:39;15:04;A319;120;X;X;X;X;X;;X;Nacional
;9529;BARRANQUILLA;BOGOTA;15:32;16:57;A319;120;X;X;X;X;X;X;X;Nacional
;9530;BOGOTA;BARRANQUILLA;19:41;21:06;A320;150;X;X;X;X;X;X;X;Nacional
;9531;BARRANQUILLA;BOGOTA;21:44;23:09;A320;150;X;X;X;X;X;X;X;Nacional
;9532;BOGOTA;BARRANQUILLA;21:26;22:56;A318;100;;X;;X;;X;;Nacional
;;;;21:28;22:58;A318;100;X;;X;;X;;X;Nacional
;9533;BARRANQUILLA;BOGOTA;11:02;12:27;A320;150;;;X;X;X;;;Nacional
;;;;11:09;12:34;A318;100;;;;;;;X;Nacional
;;;;;;A320;150;X;X;;;;X;;Nacional
;9534;BOGOTA;BARRANQUILLA;8:54;10:29;A320;150;;;;;;X;X;Nacional
;;;;9:03;10:28;A320;150;;;;X;X;;;Nacional
;;;;9:06;10:31;A320;150;X;X;X;;;;;Nacional
;9536;BOGOTA;BARRANQUILLA;6:12;7:47;A318;100;;;;;;X;;Nacional
;;;;;;A319;120;X;X;X;X;X;;;Nacional
;9537;BARRANQUILLA;BOGOTA;8:17;9:42;A318;100;;;;;;X;;Nacional
;;;;;;A319;120;X;X;X;X;X;;;Nacional
;;;;;;A320;150;;;;;;;X;Nacional
;9538;BOGOTA;BARRANQUILLA;11:57;13:22;A320;150;X;;;;;;;Nacional
;;;;12:01;13:26;A320;150;;X;X;X;X;X;X;Nacional
;9539;BARRANQUILLA;BOGOTA;14:00;15:25;A320;150;X;X;;;;X;;Nacional
;;;;14:02;15:27;A320;150;;;X;X;X;;X;Nacional
;9540;BOGOTA;CARTAGENA;7:31;8:56;A320;150;;;X;;X;;;Nacional
;;;;7:42;9:07;A320;150;X;X;;X;;;;Nacional
;;;;7:48;9:13;A320;150;;;;;;X;X;Nacional
;9541;CARTAGENA;BOGOTA;9:25;10:45;A320;150;X;X;X;X;X;;;Nacional
;;;;9:39;10:59;A320;150;;;;;;;X;Nacional
;;;;9:41;11:01;A320;150;;;;;;X;;Nacional
;9542;BOGOTA;CARTAGENA;8:43;10:08;A320;150;;X;X;;X;X;X;Nacional
;;;;8:49;10:14;A320;150;X;;;X;;;;Nacional
;9543;CARTAGENA;BOGOTA;10:39;11:59;A320;150;;X;;;;X;;Nacional
;;;;10:40;12:00;A320;150;X;;X;;;;X;Nacional
;;;;10:47;12:07;A320;150;;;;X;X;;;Nacional
;9544;BOGOTA;CARTAGENA;16:11;17:36;A320;150;X;X;X;X;X;X;X;Nacional
;9545;CARTAGENA;BOGOTA;18:04;19:24;A320;150;X;X;X;X;X;X;X;Nacional
;9546;BOGOTA;CARTAGENA;13:36;15:01;A320;150;;;;X;;;;Nacional
;;;;13:37;15:02;A320;150;X;;X;;X;;;Nacional
;;;;13:38;15:03;A320;150;;X;;;;X;X;Nacional
;9547;CARTAGENA;BOGOTA;15:30;16:50;A320;150;X;X;X;X;X;X;X;Nacional
;9548;BOGOTA;CARTAGENA;9:26;10:51;A320;150;X;X;X;X;X;X;X;Nacional
;9549;CARTAGENA;BOGOTA;11:23;12:43;A320;150;;;;;X;;;Nacional
;;;;11:24;12:44;A320;150;X;X;X;X;;X;X;Nacional
;9750;BOGOTA;CARTAGENA;17:34;18:59;A319;120;;;;;;;X;Nacional
;;;;17:35;19:00;A319;120;X;X;X;X;X;X;;Nacional
;9751;CARTAGENA;BOGOTA;19:29;20:49;A319;120;;;X;;;X;;Nacional
;;;;19:31;20:51;A319;120;;;;;X;;;Nacional
;;;;19:33;20:53;A319;120;;;;;;;X;Nacional
;;;;19:37;20:57;A319;120;X;X;;X;;;;Nacional
;9752;BOGOTA;CARTAGENA;12:12;13:37;A320;150;X;X;;X;X;X;X;Nacional
;;;;12:18;13:43;A320;150;;;X;;;;;Nacional
;9753;CARTAGENA;BOGOTA;14:16;15:36;A320;150;X;X;X;X;X;X;X;Nacional
;9754;BOGOTA;CARTAGENA;22:09;23:39;A320;150;X;;X;;X;;X;Nacional
;;;;22:10;23:40;A320;150;;X;;X;;X;;Nacional
;9755;CARTAGENA;BOGOTA;5:58;7:18;A320;150;X;X;X;X;X;;X;Nacional
;;;;6:01;7:21;A320;150;;;;;;X;;Nacional
;9756;BOGOTA;CARTAGENA;6:29;7:54;A318;100;X;X;X;X;X;;;Nacional
;;;;;;A320;150;;;;;;X;X;Nacional
;9757;CARTAGENA;BOGOTA;16:51;18:11;A320;150;;;;;;X;X;Nacional
;;;;16:54;18:14;A320;150;X;X;X;X;X;;;Nacional
;9758;BOGOTA;CARTAGENA;10:17;11:42;A318;100;;;;;;;X;Nacional
;;;;;;A320;150;X;X;X;X;X;X;;Nacional
;9759;CARTAGENA;BOGOTA;12:13;13:33;A318;100;;;;X;;;;Nacional
;;;;12:16;13:36;A318;100;X;X;X;;X;;;Nacional
;;;;;;A320;150;;;;;;X;X;Nacional
;9760;CALI;RIONEGRO - ANTIOQUIA;7:30;8:20;A318;100;X;X;X;X;X;X;X;Nacional
;;RIONEGRO - ANTIOQUIA;CARTAGENA;8:50;10:00;A318;100;X;X;X;X;X;X;X;Nacional
;9761;CARTAGENA;RIONEGRO - ANTIOQUIA;10:30;11:40;A318;100;X;X;X;X;X;X;X;Nacional
;9764;BOGOTA;SANTA MARTA;13:24;14:54;A320;150;X;X;X;X;X;X;X;Nacional
;9765;SANTA MARTA;BOGOTA;15:25;16:51;A320;150;X;X;X;X;X;X;X;Nacional
;9766;BOGOTA;SANTA MARTA;15:27;16:57;A320;150;;;;;;X;;Nacional
;;;;15:28;16:58;A320;150;X;X;X;;X;;;Nacional
;;;;15:31;17:01;A320;150;;;;X;;;X;Nacional
;9767;SANTA MARTA;BOGOTA;17:31;18:57;A320;150;X;X;X;X;X;X;X;Nacional
;9768;BOGOTA;SANTA MARTA;19:29;20:59;A320;150;X;X;X;X;X;X;X;Nacional
;9769;SANTA MARTA;BOGOTA;21:31;22:57;A320;150;X;X;X;X;X;X;X;Nacional
;9770;RIONEGRO - ANTIOQUIA;CARTAGENA;19:01;20:11;A318;100;X;X;X;X;X;X;X;Nacional
;9771;CARTAGENA;RIONEGRO - ANTIOQUIA;20:40;21:50;A318;100;X;X;X;X;X;X;X;Nacional
;;RIONEGRO - ANTIOQUIA;CALI;22:20;23:16;A318;100;X;X;X;X;X;X;X;Nacional
;9774;BOGOTA;SANTA MARTA;11:26;12:56;A320;150;X;X;X;X;X;X;X;Nacional
;9775;SANTA MARTA;BOGOTA;13:26;14:52;A320;150;X;X;X;;X;X;X;Nacional
;;;;13:27;14:53;A320;150;;;;X;;;;Nacional
;9776;BOGOTA;SAN ANDRES - ISLA;14:18;16:23;A320;150;X;X;X;X;X;X;X;Nacional
;9777;SAN ANDRES - ISLA;BOGOTA;16:49;18:49;A320;150;X;X;X;X;X;X;;Nacional
;;;;16:50;18:50;A320;150;;;;;;;X;Nacional
;9778;BOGOTA;SAN ANDRES - ISLA;11:32;13:37;A320;150;X;X;X;X;X;X;X;Nacional
;9779;SAN ANDRES - ISLA;BOGOTA;14:03;16:03;A320;150;X;X;X;X;;;;Nacional
;;;;14:13;16:13;A320;150;;;;;X;X;X;Nacional
;9780;BOGOTA;SAN ANDRES - ISLA;19:46;21:51;A320;150;X;X;X;X;X;X;X;Nacional
;9781;SAN ANDRES - ISLA;BOGOTA;22:21;0:21;A320;150;X;;;;;;;Nacional
;;;;22:22;0:22;A320;150;;X;;;X;;;Nacional
;;;;22:23;0:23;A320;150;;;X;X;;X;X;Nacional
;9786;BOGOTA;SANTA MARTA;9:28;10:58;A319;120;X;X;X;X;X;X;X;Nacional
;9787;SANTA MARTA;BOGOTA;11:17;12:43;A319;120;;X;;X;;X;X;Nacional
;;;;11:24;12:50;A319;120;X;;X;;X;;;Nacional
;9788;BOGOTA;CARTAGENA;12:59;14:24;A318;100;;;;;;;X;Nacional
;9789;CARTAGENA;BOGOTA;14:55;16:15;A318;100;;;;;;;X;Nacional
;9903;BOGOTA;PEREIRA;18:59;20:07;A318;100;;X;X;X;X;;;Nacional
;;;;19:07;20:09;F50;52;X;;;;;;;Nacional
;;;;19:09;20:11;F50;52;;;;;;X;X;Nacional
;9904;PEREIRA;BOGOTA;20:29;21:19;A318;100;X;X;;;;;;Nacional
;;;;20:39;21:37;F50;52;;;;;;X;X;Nacional
;;;;20:41;21:31;A318;100;;;X;X;X;;;Nacional
;9905;BOGOTA;PEREIRA;8:21;9:28;F50;52;;;;;;X;;Nacional
;;;;8:26;9:33;F50;52;;;;;;;X;Nacional
;;;;8:37;9:44;F50;52;X;X;X;X;X;;;Nacional
;9906;PEREIRA;BOGOTA;9:44;10:39;F50;52;;;;;;X;X;Nacional
;;;;10:02;10:57;F50;52;X;X;X;X;X;;;Nacional
;9909;BOGOTA;PEREIRA;18:17;19:19;F50;52;X;X;X;X;X;;;Nacional
;;;;18:20;19:22;F50;52;;;;;;;X;Nacional
;;;;18:23;19:25;F50;52;;;;;;X;;Nacional
;9910;PEREIRA;BOGOTA;19:35;20:33;F50;52;;;;;;X;X;Nacional
;;;;19:36;20:34;F50;52;;;X;;;;;Nacional
;;;;19:40;20:38;F50;52;X;X;;X;X;;;Nacional
;9913;MANIZALES;BOGOTA;17:28;18:18;F50;52;;;;;X;;;Nacional
;;;;17:30;18:20;F50;52;X;;X;;;;;Nacional
;;;;17:32;18:22;F50;52;;X;;X;;X;X;Nacional
;9914;BOGOTA;MANIZALES;16:10;17:15;F50;52;X;X;X;X;X;X;X;Nacional
;9915;MANIZALES;BOGOTA;9:47;10:34;F50;52;;X;;;;;;Nacional
;;;;9:50;10:37;F50;52;X;;X;X;X;;;Nacional
;;;;9:57;10:44;F50;52;;;;;;X;X;Nacional
;9916;BOGOTA;MANIZALES;8:21;9:29;F50;52;X;X;X;X;X;;;Nacional
;;;;8:31;9:39;F50;52;;;;;;;X;Nacional
;;;;8:35;9:43;F50;52;;;;;;X;;Nacional
;9917;BOGOTA;PEREIRA;20:16;21:29;F50;52;;;;X;;;;Nacional
;;;;20:19;21:32;F50;52;X;X;X;;X;X;X;Nacional
;9918;PEREIRA;BOGOTA;21:45;22:43;F50;52;;;;;;X;;Nacional
;;;;21:50;22:48;F50;52;X;X;X;X;X;;X;Nacional
;9920;BOGOTA;MANIZALES;7:17;8:17;F50;52;X;X;X;X;X;X;X;Nacional
;9921;MANIZALES;BOGOTA;8:30;9:17;F50;52;X;;;;X;;;Nacional
;;;;8:31;9:18;F50;52;;X;X;X;;;;Nacional
;;;;8:37;9:24;F50;52;;;;;;X;X;Nacional
;9922;BOGOTA;MANIZALES;9:41;10:49;F50;52;X;X;X;X;X;X;X;Nacional
;9923;MANIZALES;BOGOTA;10:57;11:44;F50;52;X;X;X;X;X;X;X;Nacional
;9924;BOGOTA;MANIZALES;13:32;14:32;F50;52;X;X;;X;X;X;X;Nacional
;;;;13:33;14:33;F50;52;;;X;;;;;Nacional
;9925;MANIZALES;BOGOTA;14:59;15:49;F50;52;X;X;X;X;;X;X;Nacional
;;;;15:00;15:50;F50;52;;;;;X;;;Nacional
;9926;BOGOTA;MANIZALES;5:43;6:48;F50;52;X;X;X;X;X;X;;Nacional
;9927;MANIZALES;BOGOTA;7:12;7:59;F50;52;;;;;;X;;Nacional
;;;;7:14;8:01;F50;52;X;X;X;X;X;;;Nacional
;9928;BOGOTA;MANIZALES;11:05;12:10;F50;52;X;X;X;X;X;;;Nacional
;;;;11:09;12:14;F50;52;;;;;;X;X;Nacional
;9929;MANIZALES;BOGOTA;12:24;13:12;F50;52;;;;;;X;X;Nacional
;;;;12:26;13:14;F50;52;X;X;X;X;X;;;Nacional
;9932;BOGOTA;MANIZALES;15:44;16:51;F50;52;X;X;X;X;X;X;X;Nacional
;9933;MANIZALES;BOGOTA;17:04;17:54;F50;52;;;;;X;;X;Nacional
;;;;17:12;18:02;F50;52;X;;X;X;;X;;Nacional
;;;;17:13;18:03;F50;52;;X;;;;;;Nacional
;9935;BOGOTA;ARMENIA;18:21;19:21;F50;52;;;;;;X;X;Nacional
;;;;18:23;19:23;F50;52;X;X;X;X;X;;;Nacional
;9936;ARMENIA;BOGOTA;19:39;20:37;F50;52;X;X;X;X;X;X;X;Nacional
;9937;BOGOTA;ARMENIA;8:37;9:37;F50;52;;;;;;;X;Nacional
;;;;8:44;9:44;F50;52;;;;;;X;;Nacional
;9938;ARMENIA;BOGOTA;10:12;11:06;F50;52;;;;;;X;X;Nacional
;9939;BOGOTA;ARMENIA;6:00;7:05;A318;100;;;;;;X;;Nacional
;;;;6:02;7:07;A318;100;;X;;X;;;;Nacional
;;;;6:08;7:13;A318;100;X;;;;;;;Nacional
;;;;6:10;7:15;A318;100;;;X;;X;;;Nacional
;9940;ARMENIA;BOGOTA;7:27;8:12;A318;100;X;;;X;;X;;Nacional
;;;;7:41;8:26;A318;100;;X;X;;X;;;Nacional
;9941;BOGOTA;ARMENIA;10:52;11:54;F50;52;X;X;X;X;X;X;X;Nacional
;9942;ARMENIA;BOGOTA;12:13;13:07;F50;52;X;;;X;X;;;Nacional
;;;;12:15;13:09;F50;52;;X;X;;;;;Nacional
;;;;12:20;13:14;F50;52;;;;;;X;X;Nacional
;9943;BOGOTA;ARMENIA;16:09;17:14;A318;100;X;X;;X;X;X;X;Nacional
;;;;16:12;17:17;A318;100;;;X;;;;;Nacional
;9944;ARMENIA;BOGOTA;17:45;18:30;A318;100;;;;;;X;X;Nacional
;;;;17:49;18:34;A318;100;X;X;X;X;X;;;Nacional
;9945;BOGOTA;ARMENIA;22:00;23:00;F50;52;;X;;X;;;X;Nacional
;;;;22:04;23:04;F50;52;;;X;;;;;Nacional
;;;;22:09;23:09;F50;52;;;;;;X;;Nacional
;;;;22:13;23:13;F50;52;X;;;;;;;Nacional
;;;;22:14;23:14;F50;52;;;;;X;;;Nacional
;9946;ARMENIA;BOGOTA;6:00;6:54;F50;52;X;X;;X;;;;Nacional
;;;;6:03;6:57;F50;52;;;X;;X;X;X;Nacional
;9947;BOGOTA;ARMENIA;14:14;15:16;F50;52;X;X;X;X;X;X;;Nacional
;;;;14:16;15:18;F50;52;;;;;;;X;Nacional
;9948;ARMENIA;BOGOTA;15:28;16:28;F50;52;X;X;X;X;X;X;X;Nacional
EASYFLY S.A;8941;ARMENIA;BOGOTA;9:29;10:19;JS41;30;X;X;X;X;X;X;;Nacional
;8944;BOGOTA;ARMENIA;18:08;18:58;JS41;30;X;X;X;X;X;;;Nacional
;;;;18:38;19:28;JS41;30;;;;;;;X;Nacional
;8947;ARMENIA;MEDELLIN;10:35;11:20;JS41;30;X;X;X;X;X;;;Nacional
;;;;13:43;14:33;JS41;30;;;;;;;X;Nacional
;8948;MEDELLIN;ARMENIA;9:36;10:21;JS41;30;X;X;X;X;X;;;Nacional
;8950;BOGOTA;QUIBDO;10:10;11:20;JS41;30;X;X;X;X;X;X;;Nacional
;8952;MEDELLIN;QUIBDO;11:01;11:36;JS41;30;;;;;;X;;Nacional
;;;;11:31;12:06;JS41;30;X;X;X;X;X;;;Nacional
;;;;12:20;12:55;JS41;30;;;;;;;X;Nacional
;8953;QUIBDO;MEDELLIN;11:56;12:31;JS41;30;X;X;X;X;X;;;Nacional
;8954;BOGOTA;QUIBDO;11:10;12:20;JS41;30;;;;;;;X;Nacional
;8955;QUIBDO;BOGOTA;15:42;16:37;JS41;30;;;;;;;X;Nacional
;8962;MEDELLIN;QUIBDO;8:33;9:08;JS41;30;X;X;X;X;X;X;;Nacional
;;;;9:31;10:06;JS41;30;;;;;;;X;Nacional
;8963;QUIBDO;MEDELLIN;9:41;10:16;JS41;30;X;X;X;X;X;X;;Nacional
;;;;10:21;10:56;JS41;30;;;;;;;X;Nacional
;8964;MEDELLIN;QUIBDO;11:14;11:49;JS41;30;;;;;;;X;Nacional
;;;;13:50;14:25;JS41;30;X;X;X;X;X;X;;Nacional
;8965;QUIBDO;MEDELLIN;12:35;13:10;JS41;30;;;;;;;X;Nacional
;;;;14:40;15:15;JS41;30;X;X;X;X;X;X;;Nacional
;8970;BUCARAMANGA;SANTA MARTA;15:11;16:26;JS41;30;;;;;;;X;Nacional
;;;;15:45;17:00;JS41;30;;;;;X;;;Nacional
;8974;BOGOTA;EL YOPAL;5:38;6:28;JS41;30;X;X;X;X;X;X;;Nacional
;8975;EL YOPAL;BOGOTA;9:28;10:18;JS41;30;X;X;X;X;X;;;Nacional
;;;;16:52;17:42;JS41;30;;;;;;X;;Nacional
;8976;BUCARAMANGA;EL YOPAL;8:00;8:55;JS41;30;X;X;X;X;X;;;Nacional
;8977;EL YOPAL;BUCARAMANGA;6:56;7:51;JS41;30;X;X;X;X;X;X;;Nacional
;8978;BOGOTA;EL YOPAL;12:06;12:56;JS41;30;;;;;;;X;Nacional
;8981;EL YOPAL;BUCARAMANGA;13:05;14:00;JS41;30;;;;;;;X;Nacional
;8982;BOGOTA;EL YOPAL;17:02;17:52;JS41;30;;;;;X;;;Nacional
;;;;17:55;18:45;JS41;30;X;X;X;X;;X;X;Nacional
;8983;EL YOPAL;BOGOTA;19:12;20:02;JS41;30;X;X;;X;;;;Nacional
;8984;BUCARAMANGA;EL YOPAL;15:43;16:38;JS41;30;;;;;;X;;Nacional
;;;;18:11;19:06;JS41;30;X;X;X;X;;;X;Nacional
;;;;18:47;19:42;JS41;30;;;;;X;;;Nacional
;8985;EL YOPAL;BUCARAMANGA;19:03;19:58;JS41;30;X;X;X;X;X;;;Nacional
;8992;BUCARAMANGA;ARAUCA - MUNICIPIO;13:45;14:50;JS41;30;X;X;X;X;X;;;Nacional
;;;;17:06;18:11;JS41;30;;;;;;;X;Nacional
;8993;ARAUCA - MUNICIPIO;BUCARAMANGA;15:10;16:15;JS41;30;X;X;X;X;X;;;Nacional
;;;;18:40;19:45;JS41;30;;;;;;;X;Nacional
;8996;BOGOTA;BARRANCABERMEJA;16:13;17:08;JS41;30;X;X;X;X;;;;Nacional
;8997;BARRANCABERMEJA;BOGOTA;16:38;17:28;JS41;30;X;X;X;X;X;;;Nacional
;8998;BOGOTA;BARRANCABERMEJA;16:34;17:24;JS41;30;X;X;X;X;X;;;Nacional
;8999;BARRANCABERMEJA;BOGOTA;17:24;18:19;JS41;30;X;X;X;X;X;;;Nacional
;9000;BOGOTA;BARRANCABERMEJA;5:44;6:39;JS41;30;X;X;X;X;X;;;Nacional
;9001;BARRANCABERMEJA;BOGOTA;7:18;8:13;JS41;30;X;X;X;;X;X;;Nacional
;9002;BOGOTA;BARRANCABERMEJA;7:57;8:52;JS41;30;X;X;X;X;X;;;Nacional
;9003;BARRANCABERMEJA;BOGOTA;8:53;9:48;JS41;30;;;;X;;;;Nacional
;9005;ARMENIA;BOGOTA;10:37;11:27;JS41;30;;;;;;;X;Nacional
;9006;BOGOTA;BARRANCABERMEJA;10:36;11:31;JS41;30;X;X;X;X;X;;;Nacional
;;;;13:11;14:06;JS41;30;;;;;;;X;Nacional
;9007;BARRANCABERMEJA;BOGOTA;11:43;12:38;JS41;30;X;X;X;X;;;;Nacional
;;;;14:22;15:17;JS41;30;;;;;;;X;Nacional
;9008;BOGOTA;BARRANCABERMEJA;13:51;14:46;JS41;30;X;X;X;X;X;;;Nacional
;9009;BARRANCABERMEJA;BOGOTA;14:59;15:54;JS41;30;X;X;X;X;X;;;Nacional
;9010;BOGOTA;EL YOPAL;5:36;6:26;JS41;30;X;X;X;X;X;;;Nacional
;9011;EL YOPAL;BOGOTA;6:41;7:31;JS41;30;X;;;;;;;Nacional
;;;;7:32;8:22;JS41;30;;;;;;X;;Nacional
;9012;BOGOTA;EL YOPAL;8:10;9:00;JS41;30;X;X;X;X;;;;Nacional
;9013;EL YOPAL;BOGOTA;10:22;11:12;JS41;30;X;X;X;X;X;;X;Nacional
;9014;BOGOTA;EL YOPAL;8:26;9:16;JS41;30;;;;;;X;;Nacional
;;;;10:32;11:22;JS41;30;X;X;X;X;;;;Nacional
;9015;EL YOPAL;BOGOTA;9:21;10:11;JS41;30;;;;;;X;;Nacional
;9016;BOGOTA;EL YOPAL;11:01;11:51;JS41;30;;;;;;;X;Nacional
;;;;11:18;12:08;JS41;30;;;;;X;X;;Nacional
;9018;BOGOTA;EL YOPAL;13:26;14:16;JS41;30;;;;;X;;;Nacional
;;;;13:47;14:37;JS41;30;X;X;X;X;;;;Nacional
;9020;BOGOTA;EL YOPAL;15:40;16:30;JS41;30;X;X;X;;;X;X;Nacional
;9021;EL YOPAL;BOGOTA;16:40;17:30;JS41;30;;;X;X;;;;Nacional
;9022;BOGOTA;EL YOPAL;16:20;17:10;JS41;30;;;;;X;;;Nacional
;;;;17:02;17:52;JS41;30;X;X;X;X;;;;Nacional
;9024;BOGOTA;EL YOPAL;19:27;20:17;JS41;30;X;X;X;X;;;;Nacional
;9030;BOGOTA;NEIVA;5:42;6:32;JS41;30;X;X;X;X;X;X;;Nacional
;9031;NEIVA;BOGOTA;7:09;7:59;JS41;30;;X;;;X;;;Nacional
;9036;BOGOTA;NEIVA;13:05;13:55;JS41;30;X;X;X;X;;;;Nacional
;9037;NEIVA;BOGOTA;13:42;14:32;JS41;30;;;;;X;X;;Nacional
;9038;BOGOTA;NEIVA;16:16;17:06;JS41;30;;;;;;X;;Nacional
;;;;18:17;19:07;JS41;30;;;;;;;X;Nacional
;9040;BOGOTA;NEIVA;19:09;19:59;JS41;30;X;X;X;X;X;;;Nacional
;9041;NEIVA;BOGOTA;20:07;20:57;JS41;30;;;;;X;;;Nacional
;9051;MONTERIA;MEDELLIN;7:25;8:15;JS41;30;;;;;;X;;Nacional
;9052;MEDELLIN;MONTERIA;10:51;11:41;JS41;30;;;;;;;X;Nacional
;9053;MONTERIA;MEDELLIN;11:37;12:27;JS41;30;;;;;;;X;Nacional
;;;;13:21;14:11;JS41;30;X;X;X;X;X;;;Nacional
;9054;MEDELLIN;MONTERIA;12:35;13:25;JS41;30;X;X;X;X;X;;;Nacional
;9056;MEDELLIN;MONTERIA;15:33;16:23;JS41;30;X;X;X;X;X;X;X;Nacional
;9057;MONTERIA;MEDELLIN;16:37;17:27;JS41;30;X;X;X;X;X;X;X;Nacional
;9060;MEDELLIN;CAREPA;6:09;6:54;JS41;30;X;X;X;X;X;X;;Nacional
;9061;CAREPA;MEDELLIN;7:16;8:06;JS41;30;X;X;X;X;X;X;;Nacional
;9062;MEDELLIN;CAREPA;8:16;9:01;JS41;30;X;X;X;X;X;X;;Nacional
;;;;9:10;9:55;JS41;30;;;;;;;X;Nacional
;9063;CAREPA;MEDELLIN;9:37;10:22;JS41;30;X;X;X;X;X;X;;Nacional
;;;;10:15;11:00;JS41;30;;;;;;;X;Nacional
;9064;MEDELLIN;CAREPA;10:16;11:01;JS41;30;;;;;X;;;Nacional
;;;;13:02;13:47;JS41;30;X;X;X;X;;;;Nacional
;;;;13:25;14:10;JS41;30;;;;;;;X;Nacional
;9065;CAREPA;MEDELLIN;11:15;12:00;JS41;30;;;;;;X;;Nacional
;;;;14:03;14:48;JS41;30;X;X;X;X;X;;;Nacional
;;;;14:26;15:11;JS41;30;;;;;;;X;Nacional
;9066;MEDELLIN;CAREPA;15:41;16:26;JS41;30;X;X;X;X;X;X;;Nacional
;9067;CAREPA;MEDELLIN;16:41;17:26;JS41;30;X;X;X;X;X;X;;Nacional
;9071;BUCARAMANGA;MEDELLIN;6:06;6:56;JS41;30;X;X;X;X;X;X;;Nacional
;;;;10:00;10:50;JS41;30;;;;;;;X;Nacional
;9072;MEDELLIN;BUCARAMANGA;11:10;12:05;JS41;30;;;;;;;X;Nacional
;;;;12:35;13:30;JS41;30;;;;;;X;;Nacional
;9074;MEDELLIN;BUCARAMANGA;6:08;7:03;JS41;30;X;X;X;X;X;X;;Nacional
;9075;BUCARAMANGA;MEDELLIN;9:22;10:12;JS41;30;;;;;;X;;Nacional
;;;;10:45;11:35;JS41;30;;;;;X;;;Nacional
;9076;BUCARAMANGA;CUCUTA;7:20;8:05;JS41;30;X;X;X;X;X;X;;Nacional
;9077;CUCUTA;BUCARAMANGA;8:11;8:56;JS41;30;X;X;X;X;X;X;;Nacional
;9078;MEDELLIN;BUCARAMANGA;13:00;13:55;JS41;30;;;;;;;X;Nacional
;;;;17:41;18:35;JS41;30;X;X;X;X;X;X;;Nacional
;9080;BUCARAMANGA;CUCUTA;14:20;15:05;JS41;30;;;;;;X;X;Nacional
;;;;15:00;15:45;JS41;30;X;X;X;X;X;;;Nacional
;9081;CUCUTA;BUCARAMANGA;14:59;16:44;JS41;30;;;;;X;;X;Nacional
;;;;15:41;16:26;JS41;30;X;X;X;X;;X;;Nacional
;9082;MEDELLIN;CUCUTA;7:05;8:20;JS41;30;X;X;X;X;X;X;;Nacional
;9084;MEDELLIN;CUCUTA;14:50;16:05;JS41;30;X;X;X;X;X;X;X;Nacional
;9085;CUCUTA;MEDELLIN;8:13;9:18;JS41;30;X;X;X;X;X;X;;Nacional
;9088;BUCARAMANGA;CUCUTA;15:05;15:50;JS41;30;;;;;;;X;Nacional
;;;;18:51;19:36;JS41;30;X;X;X;X;X;;;Nacional
;9089;CUCUTA;BUCARAMANGA;16:20;17:05;JS41;30;;;;;;;X;Nacional
;;;;19:50;20:35;JS41;30;X;X;X;X;X;;;Nacional
;9090;BUCARAMANGA;BARRANQUILLA;5:50;7:05;JS41;30;X;X;X;X;X;;;Nacional
;;;;8:05;9:20;JS41;30;;;;;;X;;Nacional
;9091;BARRANQUILLA;BUCARAMANGA;9:26;10:41;JS41;30;X;X;X;X;X;X;;Nacional
;9092;MONTERIA;BARRANQUILLA;8:15;9:00;JS41;30;X;X;X;X;X;;;Nacional
;9093;BARRANQUILLA;MONTERIA;7:21;8:06;JS41;30;X;X;X;X;X;;;Nacional
;9094;BUCARAMANGA;BARRANQUILLA;17:16;18:31;JS41;30;;;;;;;X;Nacional
;9096;BUCARAMANGA;CARTAGENA;9:20;10:35;JS41;30;X;X;X;X;X;X;;Nacional
;9097;CARTAGENA;BUCARAMANGA;10:51;12:06;JS41;30;X;X;X;X;X;X;;Nacional
;9098;BUCARAMANGA;CARTAGENA;14:16;15:31;JS41;30;;;;;;;X;Nacional
;9099;CARTAGENA;BUCARAMANGA;15:42;16:57;JS41;30;;;;;;;X;Nacional
SERVICIO AEREO A TERRITORIOS NACIONALES SATENA;8602;BOGOTA;MEDELLIN;6:02;6:44;AT43;46;X;;X;;X;;;Nacional
;8604;BOGOTA;MEDELLIN;6:30;7:12;AT43;46;;;;;;;X;Nacional
;8605;MEDELLIN;BOGOTA;8:04;8:49;AT43;46;;;;;;;X;Nacional
;8609;MEDELLIN;BOGOTA;10:27;11:04;D328;32;;;;;;X;;Nacional
;8611;MEDELLIN;BOGOTA;11:16;11:53;D328;32;;;;;;;X;Nacional
;8615;BOGOTA;PASTO;8:01;9:10;AT43;46;;;;;;X;;Nacional
;;;;8:34;9:24;E170;76;;;;;;;X;Nacional
;;;;8:42;9:53;AT43;46;;X;;X;;;;Nacional
;8616;BOGOTA;MEDELLIN;15:54;16:36;AT43;46;;;;;;X;X;Nacional
;8617;PASTO;BOGOTA;10:49;12:04;AT43;46;;X;;;;;;Nacional
;8618;BOGOTA;MEDELLIN;14:40;15:22;AT43;46;;;;;;;X;Nacional
;;;;16:39;17:21;AT43;46;;X;;X;;;;Nacional
;8619;MEDELLIN;BOGOTA;17:29;18:14;AT43;46;;;;;;;X;Nacional
;8622;BUCARAMANGA;ARAUCA - MUNICIPIO;7:55;8:36;D328;32;;X;;X;;;;Nacional
;;;;11:40;12:21;D328;32;X;;X;;X;;;Nacional
;8623;ARAUCA - MUNICIPIO;BUCARAMANGA;9:20;10:18;D328;32;;X;;X;;;;Nacional
;;;;10:20;11:18;D328;32;X;;X;;X;;;Nacional
;8637;TUMACO;CALI;14:35;15:21;D328;32;;;;;;;X;Nacional
;;;;14:55;15:41;D328;32;;X;X;X;;;;Nacional
;;;;15:05;15:51;D328;32;;;;;;X;;Nacional
;8638;CALI;TUMACO;13:15;14:01;D328;32;;;;;;;X;Nacional
;;;;13:35;14:21;D328;32;;X;;X;;;;Nacional
;;;;13:45;14:31;D328;32;;;;;;X;;Nacional
;8642;CALI;MEDELLIN;6:04;6:48;D328;32;;X;X;X;;;;Nacional
;;;;6:10;6:54;D328;32;X;;;;X;X;;Nacional
;8645;BOGOTA;FLORENCIA;9:01;9:57;AT43;46;;X;X;X;X;;;Nacional
;;;;9:08;10:04;AT43;46;X;;;;;;;Nacional
;8646;FLORENCIA;BOGOTA;10:56;12:01;AT43;46;X;;;;;;;Nacional
;8648;CALI;MEDELLIN;16:10;16:54;D328;32;X;X;X;X;X;;X;Nacional
;;;;16:20;17:04;D328;32;;;;;;X;;Nacional
;8652;CALI;GUAPI;8:25;8:57;D328;32;;;;;;;X;Nacional
;;;;8:45;9:17;D328;32;;X;X;X;;;;Nacional
;;;;8:55;9:27;D328;32;X;;;;X;X;;Nacional
;8653;GUAPI;CALI;9:30;10:02;D328;32;;;;;;;X;Nacional
;;;;9:50;10:22;D328;32;;X;X;X;;;;Nacional
;;;;10:00;10:32;D328;32;X;;;;X;X;;Nacional
;8654;CALI;ALDANA;10:30;11:16;D328;32;;;;;;;X;Nacional
;;;;10:50;11:36;D328;32;;;X;;;;;Nacional
;;;;11:00;11:46;D328;32;X;;;;X;;;Nacional
;8655;ALDANA;CALI;11:50;12:43;D328;32;;;;;;;X;Nacional
;;;;12:10;13:03;D328;32;;;X;;;;;Nacional
;;;;12:20;13:13;D328;32;X;;;;X;;;Nacional
;8658;PUERTO ASIS;PUERTO LEGUIZAMO;14:40;15:13;D328;32;;X;;X;;X;;Nacional
;8661;CAREPA;MEDELLIN;7:05;7:39;D328;32;;;;;;X;;Nacional
;;;;7:25;7:59;D328;32;;;;;;;X;Nacional
;;;;7:35;8:07;AT43;46;X;;X;;X;;;Nacional
;;;;9:40;10:14;D328;32;;X;;X;;;;Nacional
;8665;CAREPA;MEDELLIN;13:15;13:52;AT43;46;X;;X;X;X;X;;Nacional
;;;;13:55;14:29;D328;32;;;;;;;X;Nacional
;;;;14:06;14:40;D328;32;;X;;;;;;Nacional
;8667;CAREPA;MEDELLIN;15:55;16:32;AT43;46;X;;X;;X;X;;Nacional
;;;;16:05;16:39;D328;32;;X;;X;;;;Nacional
;;;;16:35;17:09;D328;32;;;;;;;X;Nacional
;8671;QUIBDO;MEDELLIN;10:56;11:32;AT43;46;X;;X;X;X;X;;Nacional
;;;;11:15;11:51;AT43;46;;;;;;;X;Nacional
;8673;QUIBDO;MEDELLIN;9:35;10:00;D328;32;X;;X;;X;X;;Nacional
;;;;11:50;12:15;D328;32;;X;;X;;;;Nacional
;8677;QUIBDO;MEDELLIN;15:00;15:25;D328;32;;;;;;;X;Nacional
;8679;QUIBDO;MEDELLIN;9:35;10:00;D328;32;;;;;;;X;Nacional
;;;;16:40;17:05;D328;32;X;X;X;X;X;X;;Nacional
;8681;BUCARAMANGA;MEDELLIN;7:21;8:02;D328;32;X;X;X;X;X;X;;Nacional
;;CUCUTA;BUCARAMANGA;6:20;6:43;D328;32;X;X;X;X;X;X;;Nacional
;8682;BUCARAMANGA;CUCUTA;7:55;8:18;D328;32;X;;X;;X;;;Nacional
;;MEDELLIN;BUCARAMANGA;6:30;7:11;D328;32;X;;X;;X;;;Nacional
;8684;BUCARAMANGA;CUCUTA;10:40;11:03;D328;32;;X;;X;;;;Nacional
;8685;BUCARAMANGA;MEDELLIN;13:35;14:16;D328;32;;X;;X;;;;Nacional
;;;;15:50;16:31;D328;32;X;;X;;X;;;Nacional
;;CUCUTA;BUCARAMANGA;12:30;12:53;D328;32;;X;;X;;;;Nacional
;;;;14:45;15:08;D328;32;X;;X;;X;;;Nacional
;8686;BUCARAMANGA;CUCUTA;17:30;17:53;D328;32;;;;;;;X;Nacional
;;;;18:35;18:58;D328;32;X;X;X;X;X;;;Nacional
;;MEDELLIN;BUCARAMANGA;16:06;16:47;D328;32;;;;;;;X;Nacional
;;;;17:10;17:51;D328;32;X;X;X;X;X;;;Nacional
;8692;MEDELLIN;BAHIA SOLANO;10:30;11:03;D328;32;X;;X;;X;;X;Nacional
;8693;BAHIA SOLANO;MEDELLIN;11:40;12:12;D328;32;X;;X;;X;;X;Nacional
;8702;BOGOTA;PUERTO CARRENO;6:01;7:10;E170;76;;X;;;;X;;Nacional
;;;;9:21;10:30;E170;76;;;;;X;;;Nacional
;8704;BOGOTA;PUERTO INIRIDA;9:21;10:25;E170;76;X;;;X;;;;Nacional
;8706;VILLAVICENCIO;PUERTO INIRIDA;9:46;10:45;E170;76;;X;;;;;;Nacional
;8707;PUERTO INIRIDA;VILLAVICENCIO;11:16;12:15;E170;76;;;;X;;;;Nacional
;8708;VILLAVICENCIO;PUERTO CARRENO;12:46;13:52;E170;76;;;X;;;;;Nacional
;8709;PUERTO CARRENO;VILLAVICENCIO;8:03;9:09;E170;76;;X;;;;;;Nacional
;;;;8:04;9:10;E170;76;;;;;;X;;Nacional
;8710;BOGOTA;ARAUCA - MUNICIPIO;6:01;6:47;E170;76;X;;X;X;X;;;Nacional
;;;;16:33;17:19;E170;76;;;;;;X;X;Nacional
;8716;BOGOTA;EL YOPAL;5:48;6:21;D328;32;X;;X;;X;;;Nacional
;;;;;6:25;AT43;46;;X;;X;;;;Nacional
;;;;6:10;6:47;AT43;46;;;;;;X;;Nacional
;8718;BOGOTA;TAME;12:40;13:32;AT43;46;;;;;;X;;Nacional
;8720;BOGOTA;EL YOPAL;12:02;12:39;AT43;46;;;;;;;X;Nacional
;;;;18:12;18:49;AT43;46;;;X;;;;;Nacional
;;;;18:38;19:11;D328;32;X;X;;X;X;;;Nacional
;8722;BOGOTA;COROZAL;11:51;13:06;AT43;46;;;;;;X;;Nacional
;;;;12:11;13:26;AT43;46;;;;;;;X;Nacional
;;;;12:39;13:54;AT43;46;;X;;X;;;;Nacional
;;;;12:40;13:55;AT43;46;;;X;;;;;Nacional
;8724;BOGOTA;QUIBDO;9:10;9:56;AT43;46;X;;;;;;;Nacional
;;;;9:11;9:57;AT43;46;;;X;X;;;;Nacional
;;;;9:13;9:59;AT43;46;;;;;X;X;;Nacional
;;;;9:31;10:17;AT43;46;;;;;;;X;Nacional
;;;;9:56;10:42;AT43;46;;X;;;;;;Nacional
;8725;BOGOTA;BUENAVENTURA;9:22;10:12;AT43;46;;;;;;X;;Nacional
;8732;BOGOTA;PUERTO ASIS;8:01;9:16;AT43;46;;;;;;;X;Nacional
;;;;14:04;15:19;AT43;46;X;;X;;X;;;Nacional
;8734;NEIVA;PUERTO LEGUIZAMO;10:05;10:54;D328;32;;;X;;;;;Nacional
;;;;10:50;11:39;D328;32;X;;;;X;;;Nacional
;8735;NEIVA;BOGOTA;12:52;13:30;D328;32;;;X;;;;;Nacional
;8736;BOGOTA;SAN JOSE DEL GUAVIAR;5:50;6:35;AT43;46;X;;;X;X;X;;Nacional
;;;;5:52;6:37;AT43;46;;;X;;;;;Nacional
;8740;BOGOTA;MITU;9:10;10:05;E170;76;;;X;;;;;Nacional
;8744;VILLAVICENCIO;LA MACARENA;10:45;11:20;D328;32;;;;;;X;;Nacional
;8745;LA MACARENA;VILLAVICENCIO;12:00;12:35;D328;32;;;;;;X;;Nacional
;8748;MITU;VILLAVICENCIO;11:10;11:59;E170;76;;;X;;;;;Nacional
;;;;11:21;12:10;E170;76;;;;;;X;;Nacional
;8749;VILLAVICENCIO;MITU;9:39;10:28;E170;76;;;;;;X;;Nacional
;;;;12:50;13:39;E170;76;;;;X;;;;Nacional
;8752;BOGOTA;SARAVENA;12:40;13:41;AT43;46;X;;;;X;;;Nacional
;8754;BOGOTA;FLORENCIA;16:37;17:33;AT43;46;X;X;X;X;X;;;Nacional
;8760;VILLAVICENCIO;PUERTO INIRIDA;12:56;12:55;E170;76;;;;;;X;;Nacional
;8762;CUCUTA;ARAUCA - MUNICIPIO;9:00;9:44;D328;32;X;;X;;X;;;Nacional
;8763;ARAUCA - MUNICIPIO;CUCUTA;13:05;13:47;D328;32;X;;X;;X;;;Nacional
;8766;MEDELLIN;BOGOTA;11:05;11:42;D328;32;;;;;;X;;Nacional
;8768;CALI;PUERTO ASIS;10:50;11:38;D328;32;;X;;X;;;;Nacional
;;;;11:00;11:48;D328;32;;;;;;X;;Nacional
;8769;PUERTO ASIS;CALI;12:15;13:02;D328;32;;X;;X;;;;Nacional
;;;;12:25;13:12;D328;32;;;;;;X;;Nacional
;8788;MEDELLIN;NUQUI;12:45;13:17;D328;32;X;;X;;X;;;Nacional
;8789;NUQUI;MEDELLIN;14:00;14:40;D328;32;X;;X;;X;;;Nacional
;8800;ARARACUARA;LA CHORRERA;15:05;15:27;D328;32;;;;;;X;;Nacional
;;SAN VICENTE DEL CAGU;ARARACUARA;13:25;14:21;D328;32;;;;;;X;;Nacional
;8805;ARARACUARA;SAN VICENTE DEL CAGU;13:40;14:34;D328;32;;;;;;;X;Nacional
;;LA CHORRERA;ARARACUARA;12:55;13:17;D328;32;;;;;;;X;Nacional
;8806;SAN ANDRES - ISLA;PROVIDENCIA;7:20;7:50;L410;19;X;X;X;X;X;X;X;Nacional
;8807;PROVIDENCIA;SAN ANDRES - ISLA;8:15;8:45;L410;19;X;X;X;X;X;X;X;Nacional
;8808;SAN ANDRES - ISLA;PROVIDENCIA;16:00;16:30;L410;19;X;X;X;X;X;X;X;Nacional
;8809;PROVIDENCIA;SAN ANDRES - ISLA;16:55;17:25;L410;19;X;X;X;X;X;X;X;Nacional
;8810;BARRANQUILLA;URIBIA;9:30;10:10;E145;50;;;;;X;;;Nacional
;;MAICAO;BARRANQUILLA;8:17;8:52;E145;50;;X;;X;X;;;Nacional
;8811;BARRANQUILLA;MAICAO;16:53;17:24;E145;50;;;;X;;;;Nacional
;;;URIBIA;17:03;17:43;E145;50;;X;;;;;;Nacional
;;URIBIA;MAICAO;18:26;18:46;E145;50;;X;;;;;;Nacional
;8812;MAICAO;URIBIA;19:15;19:35;E145;50;;X;;;;;;Nacional
;;URIBIA;BARRANQUILLA;20:05;20:50;E145;50;;X;;;;;;Nacional
;8813;MAICAO;BARRANQUILLA;11:49;12:24;E145;50;;;;;X;;;Nacional
;;URIBIA;MAICAO;10:54;11:14;E145;50;;;;;X;;;Nacional
;8816;BARRANQUILLA;MAICAO;15:01;15:32;E145;50;;;;;X;;;Nacional
;;;;21:09;21:40;E145;50;;;X;;;;;Nacional
;8817;MAICAO;BARRANQUILLA;19:51;18:26;E145;50;;;;;X;;;Nacional
;8819;BARRANQUILLA;MAICAO;21:03;21:34;E145;50;;;;;X;;X;Nacional
;;MAICAO;BARRANQUILLA;22:13;22:48;E145;50;;;;;X;;X;Nacional
;8820;BARRANQUILLA;MAICAO;6:32;7:03;E145;50;X;;;;;X;;Nacional
;;MAICAO;BARRANQUILLA;7:39;8:14;E145;50;X;;;;;X;;Nacional
;8821;BARRANQUILLA;MAICAO;8:51;9:22;E145;50;X;;;;;;;Nacional
;;MAICAO;URIBIA;9:56;10:16;E145;50;X;;;;;;;Nacional
;;URIBIA;BARRANQUILLA;10:50;11:35;E145;50;X;;;;;;;Nacional
;8823;BARRANQUILLA;MAICAO;16:28;16:59;E145;50;X;;;;;;;Nacional
;8824;MAICAO;URIBIA;7:08;7:28;E145;50;;;X;;;;;Nacional
;8825;MAICAO;BARRANQUILLA;8:53;9:28;E145;50;;;X;;;;;Nacional
;;URIBIA;MAICAO;8:06;8:26;E145;50;;;X;;;;;Nacional
;8826;BARRANQUILLA;MAICAO;14:30;15:01;E145;50;;;X;;;;;Nacional
;;;;15:04;15:35;E145;50;;;;;;;X;Nacional
;;;;17:01;17:32;E145;50;;;;;;X;;Nacional
;;MAICAO;URIBIA;15:38;15:58;E145;50;;;X;;;;;Nacional
;;;;18:06;18:26;E145;50;;;;;;X;;Nacional
;;URIBIA;BARRANQUILLA;19:00;19:45;E145;50;;;;;;X;;Nacional
;8827;MAICAO;BARRANQUILLA;17:25;18:00;E145;50;;;X;;;;;Nacional
;;;;19:51;20:26;E145;50;;;;;;;X;Nacional
;;URIBIA;MAICAO;16:28;16:48;E145;50;;;X;;;;;Nacional
;8828;BARRANQUILLA;URIBIA;18:38;19:18;E145;50;;;X;;;;;Nacional
;8829;URIBIA;BARRANQUILLA;19:51;20:36;E145;50;;;X;;;;;Nacional